address,village,takeup_survey,age,agpop,ricearea_2010,disaster_prob,male,default,intensive,risk_averse,literacy,pre_takeup_rate
beilian2,beilian,0,62,2,10,30,1,1,0,0,0,.071428575
beilian2,beilian,1,63,5,15,100,1,1,0,0,1,.071428575
beilian2,beilian,1,44,3,7.5,20,1,1,1,0,1,.071428575
beilian2,beilian,1,76,6,,50,1,1,1,.60000002,1,.071428575
beilian2,beilian,0,52,6,11,0,1,1,1,.19999999,1,.071428575
beilian2,beilian,1,53,5,35,0,1,1,0,0,1,.071428575
beilian2,beilian,0,72,10,2,40,1,1,0,0,1,.071428575
beilian2,beilian,1,43,6,19,20,1,1,0,0,1,.071428575
beilian2,beilian,1,78,7,14,30,1,1,1,.39999998,1,.071428575
beilian4,beilian,1,73,2,5,50,1,0,0,0,1,.40000001
beilian4,beilian,1,58,6,20,20,1,0,1,0,1,.40000001
beilian4,beilian,1,67,2,3,40,1,0,0,.80000001,1,.40000001
beilian4,beilian,1,60,2,10,50,1,0,0,0,1,.40000001
beilian4,beilian,0,43,3,11,40,1,0,0,.39999998,1,.40000001
beilian4,beilian,0,36,4,16,40,1,0,1,0,,.40000001
beilian4,beilian,1,62,6,12,40,1,0,1,.39999998,1,.40000001
beixing4,beixing,0,52,5,12,20,1,0,0,0,1,.33333334
beixing4,beixing,0,57,6,10,20,1,0,0,.19999999,1,.33333334
beixing4,beixing,1,59,4,11,20,1,0,1,0,1,.33333334
beixing4,beixing,0,42,5,13,50,1,0,1,.39999998,1,.33333334
beixing4,beixing,0,56,4,10,50,1,0,1,0,0,.33333334
beixing5,beixing,1,61,2,22,20,1,1,1,0,1,.5
beixing5,beixing,0,37,4,15,40,1,1,0,0,1,.5
beixing712,beixing,1,48,6,80,40,1,1,0,0,1,.42105263
beixing712,beixing,0,44,4,20,50,1,1,0,0,1,.42105263
beixing712,beixing,0,51,5,11,40,1,1,0,0,0,.42105263
beixing712,beixing,0,52,6,19,20,1,1,1,.39999998,1,.42105263
beixing712,beixing,0,33,4,5.7,50,1,1,0,0,1,.42105263
beixing712,beixing,0,45,4,6.8,40,1,1,1,.60000002,1,.42105263
beixing712,beixing,1,45,10,15,20,1,1,0,0,1,.42105263
beixing712,beixing,0,45,4,10,20,1,1,1,.19999999,1,.42105263
beixing712,beixing,1,74,2,7,20,1,1,1,0,0,.42105263
caijia1,caijia,1,59,10,12,20,1,0,1,.80000001,1,.40000001
caijia1,caijia,1,40,4,18,20,1,0,1,.80000001,1,.40000001
caijia1,caijia,0,56,4,6,50,1,0,1,0,1,.40000001
caijia1,caijia,0,65,4,3,50,1,0,0,0,1,.40000001
caijia1,caijia,0,63,3,21,50,1,0,0,0,0,.40000001
caijia1,caijia,0,64,6,5,50,1,0,1,0,1,.40000001
caijia1,caijia,1,50,5,18,40,1,0,0,.60000002,1,.40000001
caijia1,caijia,1,76,4,5,30,1,0,0,0,0,.40000001
caijia1,caijia,1,73,3,7,30,1,0,0,.60000002,0,.40000001
caijia6,caijia,0,41,3,2,30,1,1,0,0,1,.33333334
caijia6,caijia,1,73,6,4,20,1,1,1,.80000001,,.33333334
caijia6,caijia,0,43,4,3,20,1,1,1,0,1,.33333334
caijia6,caijia,1,60,13,19,10,1,1,0,.19999999,1,.33333334
caijia6,caijia,1,37,4,18,40,1,1,0,.60000002,,.33333334
caijia6,caijia,0,68,2,1,20,1,1,0,0,0,.33333334
caijia6,caijia,0,48,5,8,10,1,1,0,.19999999,1,.33333334
caijia6,caijia,0,35,10,10,30,1,1,1,0,1,.33333334
caijia6,caijia,1,55,3,10,30,1,1,0,0,1,.33333334
caijia6,caijia,0,52,3,3,10,1,1,1,0,0,.33333334
caijia6,caijia,0,57,4,4,20,1,1,1,0,1,.33333334
caijia6,caijia,1,57,2,4,50,1,1,0,1,1,.33333334
caijia6,caijia,0,72,5,4.5,50,1,1,1,1,1,.33333334
caijia6,caijia,0,40,4,3,20,1,1,1,0,1,.33333334
caijia6,caijia,1,52,4,10,50,1,1,0,0,1,.33333334
daqiaoxujia,daqiao,1,46,6,18,20,1,1,0,.80000001,1,.83333331
daqiaoxujia,daqiao,0,78,1,2,20,1,1,1,0,0,.83333331
daqiaoxujia,daqiao,1,54,4,14,10,1,1,1,0,1,.83333331
daqiaoxujia,daqiao,1,64,9,13,50,0,1,0,0,0,.83333331
daqiaoxujia,daqiao,0,25,5,2.5,36,0,1,1,0,1,.83333331
daqiaozhoujia,daqiao,0,73,2,4,40,1,1,1,0,0,.85714287
daqiaozhoujia,daqiao,1,62,2,5,20,0,1,0,0,0,.85714287
daqiaozhoujia,daqiao,1,70,2,10,50,0,1,0,0,0,.85714287
daxinanan,daxi,0,57,10,5,50,0,0,1,0,0,.42857143
daxinanan,daxi,0,46,8,20,0,0,0,1,0,0,.42857143
daxituku,daxi,0,33,4,5,30,1,1,0,0,1,.35294119
daxituku,daxi,1,75,5,5,50,1,1,1,0,1,.35294119
daxituku,daxi,0,48,4,20,20,1,1,1,0,1,.35294119
daxituku,daxi,0,60,13,5.800000190734863,20,1,1,0,0,1,.35294119
daxituku,daxi,0,64,5,5,40,1,1,1,0,1,.35294119
daxituku,daxi,1,84,6,1,40,1,1,1,.60000002,1,.35294119
daxituku,daxi,0,43,4,2,30,1,1,0,0,1,.35294119
daxituku,daxi,0,58,1,.800000011920929,60,1,1,1,0,0,.35294119
daxituku,daxi,0,48,5,7.800000190734863,20,1,1,0,0,1,.35294119
daxituku,daxi,1,45,4,17,80,1,1,0,.39999998,1,.35294119
daxituku,daxi,0,41,5,14,20,1,1,1,0,1,.35294119
daxituku,daxi,1,54,4,4,20,0,1,0,.39999998,0,.35294119
daxituku,daxi,1,82,3,2,40,1,1,0,0,0,.35294119
daxiwujiajiaohengtou,daxi,0,68,7,1,40,1,0,1,0,0,.25
daxiwujiajiaohengtou,daxi,0,45,5,2.5,20,1,0,1,.60000002,1,.25
daxiwujiajiaohengtou,daxi,1,71,2,3.200000047683716,20,1,0,0,0,0,.25
daxiwujiajiaohengtou,daxi,1,44,6,20,20,0,0,0,0,1,.25
daxiwujiajiaohengtou,daxi,0,53,4,8,50,1,0,0,0,1,.25
daxiwujiajiaohengtou,daxi,1,78,2,4,40,1,0,0,.60000002,1,.25
daxiwujiajiaohengtou,daxi,0,53,3,6.599999904632568,30,1,0,1,0,1,.25
daxiwujiajiaohengtou,daxi,1,47,4,18,20,0,0,0,.80000001,1,.25
daxiwujiajiaohengtou,daxi,1,70,6,1.600000023841858,5,1,0,0,0,1,.25
daxiwujiajiaohengtou,daxi,0,38,6,17,50,1,0,1,0,1,.25
daxiwujiajiaohengtou,daxi,1,75,2,4,20,1,0,1,.80000001,0,.25
daxiwujiajiaohengtou,daxi,1,59,8,10,50,0,0,1,0,0,.25
daxixiajialong,daxi,0,35,4,2.599999904632568,20,0,1,0,0,0,.71428573
daxixiajialong,daxi,0,58,5,3,40,1,1,0,0,0,.71428573
daxixiajialong,daxi,1,47,2,18,10,1,1,1,0,0,.71428573
daxixiajialong,daxi,1,60,2,7,50,1,1,1,0,1,.71428573
daxixiajialong,daxi,1,61,8,10,50,1,1,1,0,0,.71428573
daxiyuantoulong,daxi,0,40,4,4,20,1,0,1,0,0,.18181819
daxiyuantoulong,daxi,1,56,6,10,25,1,0,1,0,1,.18181819
daxiyuantoulong,daxi,1,,,,40,1,0,1,.60000002,,.18181819
daxiyuantoulong,daxi,0,52,6,3,33,0,0,0,0,1,.18181819
daxiyuantoulong,daxi,0,21,4,2,20,1,0,0,0,1,.18181819
daxiyuantoulong,daxi,1,65,6,12,40,1,0,0,.60000002,1,.18181819
daxizhangjia,daxi,0,38,5,14,20,1,1,1,0,0,.375
daxizhangjia,daxi,0,56,4,12,40,1,1,0,0,1,.375
daxizhangjia,daxi,0,34,5,16,50,0,1,1,0,0,.375
daxizhangjia,daxi,1,61,6,.8999999761581421,30,1,1,1,0,1,.375
daxizhangjia,daxi,1,48,5,6,50,0,1,0,0,0,.375
daxizhangjia,daxi,1,54,7,9,50,1,1,0,0,1,.375
dayudengxiongmin1,dayu,0,48,5,25,20,1,0,0,.39999998,1,.43478259
dayudengxiongmin1,dayu,0,68,2,3,50,1,0,0,0,1,.43478259
dayudengxiongmin1,dayu,1,45,6,15,20,1,0,1,0,1,.43478259
dayudengxiongmin1,dayu,1,40,5,120,20,1,0,1,.19999999,1,.43478259
dayudengxiongmin1,dayu,0,37,4,14,50,1,0,1,0,1,.43478259
dayudengxiongmin1,dayu,1,37,4,120,20,1,0,0,0,1,.43478259
dayudengxiongmin1,dayu,1,43,5,15,30,1,0,0,0,1,.43478259
dayudengxiongmin1,dayu,0,48,3,27,50,1,0,1,0,1,.43478259
dayudengxiongmin1,dayu,1,38,4,103,40,1,0,0,.19999999,1,.43478259
dayudengxiongmin1,dayu,1,59,6,7,20,1,0,1,0,1,.43478259
dayudengxiongmin1,dayu,0,44,4,14,50,1,0,0,0,1,.43478259
dayudengxiongmin1,dayu,0,41,4,19,20,1,0,1,.19999999,1,.43478259
dayudengxiongmin1,dayu,0,51,8,8,20,1,0,0,1,1,.43478259
dayudengxiongmin1,dayu,0,46,2,10,50,0,0,1,0,1,.43478259
dayudengxiongmin1,dayu,1,58,2,12,50,1,0,1,.19999999,1,.43478259
dayudengxiongmin1,dayu,0,43,5,13,30,1,0,0,.60000002,1,.43478259
dayudengxiongmin1,dayu,1,52,2,20,50,1,0,0,1,1,.43478259
dayudengxiongmin2,dayu,0,39,5,20,0,1,0,0,.60000002,1,.2
dayudengxiongmin2,dayu,0,41,5,14.5,0,1,0,0,.60000002,1,.2
dayudengxiongmin2,dayu,0,42,5,20,2,1,0,0,.60000002,1,.2
dayudengxiongmin2,dayu,1,45,8,25,30,1,0,1,.39999998,1,.2
dayudengxiongmin2,dayu,1,73,6,7,50,1,0,0,0,1,.2
dayudengxiongmin2,dayu,0,74,2,12,40,1,0,1,0,0,.2
dayudengxiongmin2,dayu,0,36,7,30,20,1,0,0,0,1,.2
dayuminjia,dayu,0,39,5,20,30,1,1,0,0,1,.14285715
dayuminjia,dayu,0,26,4,30,10,1,1,0,.39999998,1,.14285715
dayuminjia,dayu,0,44,5,20,30,1,1,0,0,1,.14285715
dayuminjia,dayu,0,44,4,12,30,1,1,0,0,1,.14285715
dayuminjia,dayu,1,52,5,18,50,1,1,1,0,1,.14285715
dayuminjia,dayu,1,40,5,16,30,1,1,1,0,1,.14285715
dayuminjia,dayu,0,59,5,20,30,0,1,0,0,0,.14285715
dayuminjia,dayu,1,51,6,28,20,1,1,1,0,1,.14285715
dayuminjia,dayu,1,49,4,22,20,1,1,0,0,1,.14285715
dayuminjia,dayu,1,58,6,13,40,1,1,1,0,1,.14285715
dayuminjia,dayu,1,56,6,12,40,1,1,0,0,1,.14285715
dayuminjia,dayu,1,38,5,20,50,1,1,1,.39999998,1,.14285715
dayuminjia,dayu,0,38,4,12,20,1,1,0,0,1,.14285715
dayuwangjia,dayu,1,48,2,13,30,1,0,0,0,1,.71428573
dayuwangjia,dayu,0,54,6,22,40,1,0,0,.60000002,1,.71428573
dayuwangjia,dayu,1,48,6,20,50,1,0,1,0,1,.71428573
dayuwangjia,dayu,1,51,4,60,40,1,0,1,0,1,.71428573
dayuwangjia,dayu,1,53,2,13,30,1,0,0,0,1,.71428573
dayuwangjia,dayu,1,38,7,17,20,1,0,1,0,1,.71428573
dayuwangjia,dayu,1,42,4,5,40,1,0,1,0,0,.71428573
dayuwangjia,dayu,1,59,5,5,20,1,0,0,.60000002,0,.71428573
dayuwangjia,dayu,1,47,2,23,20,1,0,1,0,1,.71428573
dayuxiajia,dayu,0,57,5,10,20,1,1,1,0,1,.45454547
dayuxiajia,dayu,0,57,6,11,40,0,1,0,0,0,.45454547
dayuxiajia,dayu,0,36,4,9,50,0,1,0,0,1,.45454547
dayuxiajia,dayu,0,38,4,18,20,0,1,1,.60000002,0,.45454547
dayuxiajia,dayu,0,63,2,4,20,0,1,0,0,0,.45454547
dayuxiajia,dayu,0,51,5,8,0,1,1,0,0,1,.45454547
dayuxiajia,dayu,0,41,5,17,30,0,1,0,0,1,.45454547
dayuxiajia,dayu,1,46,4,12,20,1,1,1,.19999999,1,.45454547
dayuxiajia,dayu,1,,,13,50,,1,1,.80000001,,.45454547
dayuxiajia,dayu,0,36,5,30,40,0,1,1,0,1,.45454547
dayuxiajia,dayu,0,62,6,10,50,1,1,1,0,1,.45454547
dayuxiajia,dayu,1,18,5,20,20,1,1,0,.80000001,1,.45454547
dazhoulaoji1,dazhou,0,53,6,14,50,1,0,0,.19999999,1,.15789473
dazhoulaoji1,dazhou,0,29,4,3,40,0,0,1,0,1,.15789473
dazhoulaoji1,dazhou,0,57,2,3,0,1,0,0,0,1,.15789473
dazhoulaoji1,dazhou,0,70,2,16,0,1,0,0,0,0,.15789473
dazhoulaoji1,dazhou,0,53,4,4,30,0,0,1,0,0,.15789473
dazhoulaoji1,dazhou,0,26,6,1,50,1,0,0,0,1,.15789473
dazhoulaoji1,dazhou,0,53,4,4,5,1,0,0,0,1,.15789473
dazhoulaoji1,dazhou,0,,,1,50,1,0,1,0,,.15789473
dazhoulaoji1,dazhou,0,53,7,20,20,1,0,1,0,1,.15789473
dazhoulaoji1,dazhou,0,38,4,6,30,1,0,0,0,1,.15789473
dazhoulaoji1,dazhou,0,42,4,6,20,1,0,1,.19999999,1,.15789473
dazhoulaoji1,dazhou,0,45,6,17,10,1,0,1,0,1,.15789473
dazhoulaoji1,dazhou,0,64,2,4,40,1,0,0,0,1,.15789473
dazhoulaoji2,dazhou,0,33,3,10,50,1,1,0,0,1,.44444445
dazhoulaoji2,dazhou,0,50,4,20,20,1,1,0,0,1,.44444445
dazhoulaoji2,dazhou,0,40,5,12,5,0,1,0,1,0,.44444445
dazhoulaoji2,dazhou,0,61,3,13,50,1,1,1,0,1,.44444445
dazhoulaoji2,dazhou,1,30,4,20,40,1,1,0,.60000002,1,.44444445
dazhoulaoji2,dazhou,0,40,4,30,20,0,1,1,.39999998,0,.44444445
dazhoulaoji2,dazhou,0,59,5,8,10,1,1,0,0,1,.44444445
dazhoulaoji2,dazhou,0,64,6,4,10,1,1,1,0,1,.44444445
dazhoulaoji2,dazhou,0,68,7,8,30,1,1,1,0,0,.44444445
dazhoulaoji2,dazhou,0,38,4,8,20,0,1,0,.60000002,1,.44444445
dazhoulaoji2,dazhou,0,33,5,27,14,1,1,1,0,1,.44444445
dazhoulaoji2,dazhou,0,52,5,43,100,1,1,1,0,1,.44444445
dazhoulaoji2,dazhou,1,42,6,18,20,0,1,0,.19999999,1,.44444445
dazhoushangbianxue,dazhou,0,36,4,20,30,1,1,1,0,1,.47058824
dazhoushangbianxue,dazhou,1,56,6,10,50,1,1,1,0,1,.47058824
dazhoushangbianxue,dazhou,0,56,2,2,50,1,1,0,0,1,.47058824
dazhoushangbianxue,dazhou,0,56,10,8,40,1,1,0,0,0,.47058824
dazhoushangbianxue,dazhou,0,40,5,30,50,1,1,0,0,1,.47058824
dazhoushangbianxue,dazhou,1,63,6,10,20,1,1,1,.39999998,1,.47058824
dazhoushangbianxue,dazhou,0,58,5,8,20,0,1,1,.19999999,0,.47058824
dazhoushangbianxue,dazhou,1,65,2,2.5,20,0,1,0,.80000001,0,.47058824
dazhoushangbianxue,dazhou,1,58,5,10,50,1,1,1,0,0,.47058824
dazhoushangbianxue,dazhou,1,42,7,5,30,1,1,0,0,1,.47058824
dazhoushangbianxue,dazhou,0,59,6,7,30,1,1,0,0,1,.47058824
dazhoushangbianxue,dazhou,1,42,4,10,50,1,1,1,.39999998,1,.47058824
dazhoushangbianxue,dazhou,1,46,3,6,20,1,1,1,.19999999,1,.47058824
dazhouwenming,dazhou,1,28,5,60,10,0,0,0,.19999999,1,.55555558
dazhouwenming,dazhou,0,54,3,2,10,1,0,1,0,1,.55555558
dazhouwenming,dazhou,0,58,6,13,20,1,0,0,1,0,.55555558
dazhouwenming,dazhou,1,61,7,5,40,1,0,0,1,1,.55555558
dazhouwenming,dazhou,0,34,4,44,20,1,0,0,0,1,.55555558
dazhouwenming,dazhou,1,27,5,7,40,1,0,1,.80000001,1,.55555558
donganlaojiluojia,dongan,0,60,6,11,50,1,0,1,1,1,.21052632
donganlaojiluojia,dongan,0,19,5,20,30,1,0,1,0,1,.21052632
donganlaojiluojia,dongan,1,45,5,60,0,1,0,0,1,1,.21052632
donganlaojiluojia,dongan,1,41,6,105,30,1,0,0,0,1,.21052632
donganlaojiluojia,dongan,0,43,4,10,20,1,0,0,.60000002,1,.21052632
donganlaojiluojia,dongan,1,37,4,100,50,0,0,1,0,0,.21052632
donganlaojiluojia,dongan,1,51,4,100,30,1,0,1,0,1,.21052632
donganlaojiluojia,dongan,0,70,2,5,50,1,0,0,0,0,.21052632
donganlaojiluojia,dongan,1,38,3,,30,1,0,1,1,1,.21052632
donganlaojiluojia,dongan,1,41,4,65,50,1,0,0,.19999999,1,.21052632
donganlaojiluojia,dongan,0,42,4,18,20,1,0,0,1,1,.21052632
donganlaojiluojia,dongan,0,43,5,40,20,1,0,1,1,1,.21052632
donganxinji,dongan,1,35,5,65,0,1,0,0,.39999998,1,.60000002
donganxinji,dongan,1,70,2,3,80,1,0,1,0,0,.60000002
donganxinji,dongan,1,66,2,7,70,1,0,1,0,1,.60000002
donganxinji,dongan,0,47,4,50,30,1,0,0,0,1,.60000002
donganxinji,dongan,0,48,7,2.200000047683716,20,0,0,0,0,0,.60000002
donganxinji,dongan,0,64,2,1.700000047683716,0,0,0,1,1,1,.60000002
donganxinji,dongan,0,48,4,20,0,1,0,0,0,1,.60000002
donganxinji,dongan,0,41,4,4,0,1,0,0,0,1,.60000002
donganxinji,dongan,1,37,4,10,50,1,0,1,1,1,.60000002
dukou2,dukou,0,65,6,1.6,40,1,0,0,0,1,.30000001
dukou2,dukou,0,46,5,32,20,1,0,1,.19999999,1,.30000001
dukou2,dukou,0,70,3,.7,50,1,0,0,0,1,.30000001
dukou2,dukou,0,35,4,6,30,1,0,1,0,0,.30000001
dukou2,dukou,0,62,3,3,20,1,0,0,.80000001,1,.30000001
dukou2,dukou,0,69,5,6,30,1,0,0,0,1,.30000001
dukou31,dukou,1,66,8,7,20,1,1,0,0,0,.78947371
dukou31,dukou,1,39,4,4,40,1,1,0,0,1,.78947371
dukou31,dukou,1,48,6,5,85,1,1,1,0,1,.78947371
dukou31,dukou,1,37,4,15,50,1,1,1,0,1,.78947371
dukou31,dukou,1,45,4,5,50,1,1,1,0,1,.78947371
dukou31,dukou,1,65,5,7,50,1,1,0,0,0,.78947371
dukou31,dukou,1,40,4,4,20,1,1,1,0,1,.78947371
dukou31,dukou,0,52,4,3.8,40,1,1,1,0,1,.78947371
dukou31,dukou,1,40,5,16,20,1,1,1,0,1,.78947371
dukou32,dukou,0,53,2,5,30,1,1,0,0,1,.2
dukou32,dukou,0,47,6,16,20,1,1,1,0,1,.2
dukou32,dukou,1,54,8,8,50,1,1,1,1,1,.2
dukou32,dukou,1,37,4,25,20,1,1,0,0,1,.2
dukou32,dukou,0,43,4,9,20,1,1,0,.39999998,1,.2
dukou32,dukou,0,56,9,23,30,1,1,1,.80000001,0,.2
dukou32,dukou,1,50,5,9,20,1,1,0,0,1,.2
dukou32,dukou,0,64,10,5.3,0,1,1,0,0,0,.2
dukou32,dukou,0,74,6,1.5,40,1,1,0,0,0,.2
dukou32,dukou,0,40,4,28,30,1,1,0,0,1,.2
dukou32,dukou,0,52,6,21.8,40,1,1,1,0,1,.2
dukou32,dukou,0,65,10,8,20,1,1,0,0,0,.2
dukou41,dukou,0,25,4,3,50,1,1,0,.39999998,1,.81818181
dukou41,dukou,1,54,2,1.5,20,1,1,1,.39999998,1,.81818181
dukou41,dukou,0,50,6,30,0,1,1,1,.19999999,1,.81818181
dukou41,dukou,0,45,4,6,50,1,1,1,.60000002,1,.81818181
dukou41,dukou,1,59,6,10,50,1,1,0,0,1,.81818181
dukou41,dukou,0,63,7,8,0,1,1,1,.19999999,0,.81818181
dukou41,dukou,1,70,6,12,40,1,1,0,.60000002,1,.81818181
dukou41,dukou,0,70,6,10,0,1,1,1,.19999999,0,.81818181
dukou42,dukou,1,71,4,5,50,1,1,0,0,0,.35714287
dukou42,dukou,1,42,5,18,40,1,1,1,.60000002,1,.35714287
dukou42,dukou,0,52,4,10,30,1,1,0,0,1,.35714287
dukou42,dukou,0,52,6,7,10,1,1,1,.19999999,0,.35714287
dukou42,dukou,0,46,5,16,10,1,1,0,.39999998,1,.35714287
dukou42,dukou,0,71,6,3,50,1,1,1,0,0,.35714287
dukou42,dukou,0,59,3,3,50,1,1,1,0,1,.35714287
dukou42,dukou,0,56,8,11,40,1,1,1,0,1,.35714287
dukou42,dukou,1,74,6,2.5,40,1,1,0,0,1,.35714287
dukou42,dukou,0,45,1,1,20,1,1,0,0,1,.35714287
dukou51,dukou,0,67,10,10,20,1,0,0,0,1,.71428573
dukou51,dukou,0,40,4,5,0,1,0,0,0,1,.71428573
dukou51,dukou,1,43,4,5,30,1,0,1,0,1,.71428573
dukou51,dukou,1,66,10,7,0,1,0,1,0,1,.71428573
dukou51,dukou,0,60,11,12,30,1,0,0,0,1,.71428573
dukou51,dukou,0,63,8,4,50,1,0,1,0,1,.71428573
dukou51,dukou,0,31,9,30,30,1,0,1,0,1,.71428573
dukou51,dukou,1,56,9,7,70,1,0,1,.19999999,1,.71428573
dukou51,dukou,1,45,2,1.3,50,1,0,1,0,1,.71428573
dukou51,dukou,0,60,10,5,0,1,0,0,.19999999,0,.71428573
dukou51,dukou,0,55,9,12,30,1,0,0,0,1,.71428573
dukou52,dukou,1,48,3,18,20,1,1,0,.80000001,1,.27777779
dukou52,dukou,0,68,14,2,40,1,1,1,.60000002,0,.27777779
dukou52,dukou,0,40,2,3,20,1,1,0,0,1,.27777779
dukou52,dukou,1,68,3,3.4,50,1,1,1,0,1,.27777779
dukou52,dukou,0,37,7,6,50,1,1,0,.39999998,1,.27777779
dukou52,dukou,0,64,9,7,50,1,1,1,0,0,.27777779
dukou52,dukou,1,48,3,18,20,1,1,1,.80000001,1,.27777779
dukou52,dukou,1,62,7,24,30,1,1,1,0,1,.27777779
dukou52,dukou,1,60,6,,20,1,1,1,0,0,.27777779
dukou52,dukou,0,46,5,5.6,50,1,1,0,.19999999,1,.27777779
dukou52,dukou,0,49,4,4,50,1,1,1,0,1,.27777779
dukou52,dukou,1,68,4,4,20,1,1,0,.19999999,1,.27777779
dukou52,dukou,0,55,3,7,30,1,1,0,0,1,.27777779
dukou8,dukou,0,58,3,11,40,1,1,0,0,1,.5
dukou8,dukou,1,63,6,9.1,50,1,1,0,0,1,.5
dukou8,dukou,0,62,6,7,40,1,1,0,0,0,.5
dukou8,dukou,1,73,6,4,20,1,1,1,.80000001,1,.5
dukou8,dukou,0,82,6,7,50,1,1,1,0,0,.5
dukou8,dukou,1,31,4,18,40,1,1,0,.60000002,1,.5
dukou8,dukou,0,45,3,30,20,1,1,1,0,0,.5
dukou8,dukou,0,64,4,6,10,1,1,1,.39999998,1,.5
dukou8,dukou,0,34,2,6,30,1,1,0,.60000002,1,.5
fusheng21,fusheng,1,41,4,25,20,1,1,1,.39999998,1,.5714286
fusheng21,fusheng,1,40,4,30,20,1,1,1,.19999999,1,.5714286
fusheng21,fusheng,1,76,5,5,50,1,1,0,0,1,.5714286
fusheng21,fusheng,0,63,3,2,30,1,1,1,0,1,.5714286
fusheng23,fusheng,1,45,4,7.5,50,1,1,1,0,1,1
fusheng23,fusheng,0,43,5,3,40,1,1,0,0,1,1
fusheng23,fusheng,0,52,4,8,20,1,1,0,0,1,1
fusheng23,fusheng,1,65,6,4.5,20,1,1,1,0,1,1
fusheng23,fusheng,1,62,2,2.73,20,1,1,0,0,1,1
fusheng31,fusheng,0,53,4,8,50,1,1,1,.39999998,1,.66666669
fusheng31,fusheng,0,46,4,6.3,50,1,1,0,0,1,.66666669
fusheng31,fusheng,1,44,4,4.1,50,1,1,0,0,1,.66666669
fusheng31,fusheng,0,34,10,5,30,1,1,0,0,1,.66666669
fusheng31,fusheng,0,55,5,7,50,1,1,0,0,1,.66666669
fusheng31,fusheng,1,59,6,5,40,1,1,1,0,1,.66666669
fusheng32,fusheng,1,57,5,4.7,30,1,1,1,0,1,.94444442
fusheng32,fusheng,1,46,5,15,50,1,1,1,0,1,.94444442
fusheng32,fusheng,0,37,4,1,30,1,1,0,0,1,.94444442
fusheng32,fusheng,0,24,6,1,20,1,1,1,.80000001,1,.94444442
fusheng32,fusheng,1,58,5,3,30,0,1,0,0,1,.94444442
fusheng32,fusheng,1,47,4,15,50,1,1,0,0,1,.94444442
fusheng32,fusheng,0,39,5,1.98,40,1,1,0,.39999998,1,.94444442
fusheng32,fusheng,1,43,4,15,50,1,1,0,0,1,.94444442
fusheng32,fusheng,1,61,6,4,50,1,1,0,0,1,.94444442
fusheng32,fusheng,1,38,4,1.3,20,1,1,0,0,1,.94444442
fusheng32,fusheng,0,52,5,3.7,20,1,1,1,0,1,.94444442
fusheng32,fusheng,1,43,4,2,20,1,1,1,0,1,.94444442
fusheng32,fusheng,1,63,3,10,50,1,1,1,0,1,.94444442
fusheng5,fusheng,1,53,5,30,50,1,0,0,0,1,.07692308
fusheng5,fusheng,0,40,4,3,20,1,0,1,1,1,.07692308
fusheng5,fusheng,0,65,5,2.6,30,1,0,1,0,0,.07692308
fusheng5,fusheng,0,29,5,17,20,1,0,0,.39999998,1,.07692308
fusheng5,fusheng,1,40,4,7,30,1,0,0,0,1,.07692308
fusheng5,fusheng,0,60,7,2,20,1,0,0,0,0,.07692308
fusheng5,fusheng,0,53,6,4,50,1,0,0,0,1,.07692308
fusheng5,fusheng,1,42,6,15,50,1,0,1,0,1,.07692308
fusheng5,fusheng,0,54,6,4,30,1,0,0,0,1,.07692308
fusheng5,fusheng,0,54,10,5,70,1,0,0,0,0,.07692308
fusheng5,fusheng,0,50,5,27,50,0,0,1,.39999998,1,.07692308
fusheng5,fusheng,1,70,6,12,40,1,0,0,.60000002,1,.07692308
fusheng67,fusheng,1,36,4,2.5,20,1,1,1,0,1,.64999998
fusheng67,fusheng,0,61,6,3,20,1,1,0,0,0,.64999998
fusheng67,fusheng,0,36,4,8,30,1,1,1,0,1,.64999998
fusheng67,fusheng,1,59,4,3.5,10,1,1,1,.39999998,1,.64999998
fusheng67,fusheng,1,41,5,3,20,1,1,0,0,1,.64999998
fusheng67,fusheng,0,48,4,6,20,1,1,0,0,1,.64999998
fusheng67,fusheng,0,35,4,10,15,1,1,0,0,1,.64999998
fusheng67,fusheng,1,43,5,3,30,1,1,0,0,1,.64999998
fusheng67,fusheng,1,57,7,6,20,1,1,0,1,1,.64999998
fusheng67,fusheng,0,61,5,5,30,1,1,0,0,1,.64999998
fusheng67,fusheng,1,44,5,5,20,1,1,1,0,1,.64999998
fusheng67,fusheng,0,42,4,3.3,50,1,1,1,.60000002,0,.64999998
fuzhoujiankou,fuzhou,0,64,3,15,30,0,1,0,0,0,.42857143
fuzhoujiankou,fuzhou,1,49,7,20,50,1,1,1,0,1,.42857143
fuzhoujiankou,fuzhou,1,41,4,35,20,1,1,1,0,1,.42857143
fuzhoujiankou,fuzhou,0,58,5,15,60,1,1,0,0,1,.42857143
fuzhoujiankou,fuzhou,1,30,5,65,20,1,1,0,0,1,.42857143
fuzhoujiankou,fuzhou,0,73,2,1.5,20,1,1,0,0,0,.42857143
fuzhoujiankou,fuzhou,0,48,3,4,40,0,1,0,0,0,.42857143
fuzhoujiankou,fuzhou,0,47,4,19,50,1,1,1,0,1,.42857143
fuzhoujiankou,fuzhou,0,38,5,20,20,0,1,1,0,0,.42857143
fuzhouwanjiadi,fuzhou,0,39,6,60,30,1,1,1,0,1,.5
fuzhouxinkanshang,fuzhou,1,37,6,14,40,0,1,1,1,1,1
fuzhouxinkanshang,fuzhou,0,27,4,18,50,0,1,0,0,1,1
fuzhouxinkanshang,fuzhou,1,41,3,17,20,0,1,1,1,1,1
fuzhouxinkanshang,fuzhou,1,40,4,20,50,1,1,1,1,1,1
fuzhouxinkanshang,fuzhou,0,66,2,15,20,0,1,0,0,0,1
fuzhouxinkanshang,fuzhou,0,55,6,12,40,1,1,1,0,1,1
fuzhouxintanshang,fuzhou,0,32,6,22,20,1,0,0,.39999998,1,.5625
fuzhouxintanshang,fuzhou,1,39,4,20,20,0,0,0,0,1,.5625
fuzhouxintanshang,fuzhou,1,46,3,1,50,0,0,0,1,1,.5625
fuzhouxintanshang,fuzhou,1,38,5,10,20,0,0,1,0,0,.5625
fuzhouxintanshang,fuzhou,1,63,1,4,40,1,0,0,.39999998,1,.5625
fuzhouxintanshang,fuzhou,1,58,2,4,40,0,0,1,0,0,.5625
fuzhouxintanshang,fuzhou,1,40,4,110,40,0,0,1,1,1,.5625
fuzhouxintanshang,fuzhou,0,26,9,21,10,1,0,1,.19999999,1,.5625
fuzhouxintanshang,fuzhou,1,54,2,9,50,1,0,1,.60000002,1,.5625
fuzhouxintanshang,fuzhou,0,53,2,6,30,0,0,1,.19999999,0,.5625
fuzhouzhoujia,fuzhou,1,47,6,18,20,0,1,1,.39999998,1,.8888889
fuzhouzhoujia,fuzhou,1,59,6,10,20,1,1,1,0,1,.8888889
fuzhouzhoujia,fuzhou,1,53,4,2,50,1,1,0,0,1,.8888889
fuzhouzhoujia,fuzhou,1,36,6,10,80,1,1,0,.39999998,1,.8888889
gangtou1,gangtou,1,74,7,3,50,1,1,0,0,0,.81818181
gangtou1,gangtou,0,64,5,9,30,0,1,1,0,1,.81818181
gangtou1,gangtou,1,62,7,12,0,1,1,0,0,1,.81818181
gangtou1,gangtou,1,47,4,7,40,1,1,1,0,1,.81818181
gangtou1,gangtou,1,40,4,17,20,0,1,0,.80000001,1,.81818181
gangtou1,gangtou,1,69,6,10,30,1,1,1,0,1,.81818181
gangtou1,gangtou,1,62,7,4,30,1,1,1,0,1,.81818181
gangtou1,gangtou,0,40,4,38,20,1,1,0,1,1,.81818181
gangtou2,gangtou,0,43,4,16,5,1,1,1,0,1,.1875
gangtou2,gangtou,0,61,2,6,20,1,1,0,.19999999,0,.1875
gangtou2,gangtou,1,36,4,20.3,50,1,1,0,0,1,.1875
gangtou2,gangtou,0,46,5,3.7,50,1,1,1,1,1,.1875
gangtou2,gangtou,0,40,4,10,50,1,1,1,1,1,.1875
gangtou2,gangtou,0,47,7,15,0,0,1,1,0,0,.1875
gangtou2,gangtou,0,36,6,14,0,1,1,1,0,1,.1875
gangtou2,gangtou,1,44,4,25,20,1,1,0,1,0,.1875
gangtou2,gangtou,1,74,2,4,20,1,1,0,.80000001,0,.1875
gangtou3,gangtou,0,45,4,17,20,1,0,1,0,1,.38461539
gangtou3,gangtou,0,58,4,13,50,1,0,1,0,1,.38461539
gangtou3,gangtou,1,61,2,8,50,1,0,0,0,1,.38461539
gangtou3,gangtou,1,76,6,2.4,50,1,0,0,0,0,.38461539
gangtou3,gangtou,0,54,6,12,30,1,0,1,0,1,.38461539
gangtou3,gangtou,1,55,2,11,50,1,0,1,0,1,.38461539
gangtou3,gangtou,0,54,8,14,50,1,0,1,0,1,.38461539
gangtou4,gangtou,0,70,2,8,20,0,0,1,.80000001,0,.75
gangtou4,gangtou,0,45,6,26,50,1,0,0,0,1,.75
gangtou4,gangtou,1,78,2,1,20,1,0,0,0,,.75
gangtou4,gangtou,1,70,2,1,40,1,0,1,.19999999,0,.75
gangtou4,gangtou,1,61,5,23,40,1,0,1,.19999999,1,.75
gangtou4,gangtou,0,38,4,17,50,1,0,1,0,1,.75
gangtou4,gangtou,1,35,10,18,20,1,0,1,0,1,.75
gangtou4,gangtou,0,38,3,10.6,20,1,0,0,0,1,.75
gangtou5,gangtou,0,59,10,6,50,1,0,0,0,1,.40000001
gangtou5,gangtou,0,68,3,4,30,1,0,1,0,0,.40000001
gangtou5,gangtou,0,43,5,10,50,1,0,0,0,0,.40000001
gangtou5,gangtou,1,36,4,27,30,1,0,1,.39999998,1,.40000001
gangtou5,gangtou,0,57,6,1.4,20,1,0,1,0,1,.40000001
gangtou5,gangtou,0,58,2,4,40,0,0,1,0,0,.40000001
gangtou5,gangtou,1,79,2,4,40,1,0,0,.60000002,1,.40000001
gangtou5,gangtou,0,39,4,6,40,1,0,0,0,1,.40000001
gangtou5,gangtou,1,48,4,5.2,20,1,0,0,0,1,.40000001
gangtou5,gangtou,0,65,6,11,50,1,0,1,0,1,.40000001
gangtou5,gangtou,1,43,4,15,30,0,0,1,0,0,.40000001
gangtou5,gangtou,1,59,5,11.5,20,1,0,0,.39999998,1,.40000001
gangxiahoufang,gangxia,1,55,5,12,20,1,1,1,.19999999,1,.875
gangxiahoufang,gangxia,0,40,4,15,40,0,1,0,0,1,.875
gangxiahoufang,gangxia,1,71,2,9,30,1,1,0,0,0,.875
gangxiahoufang,gangxia,1,79,3,2,20,1,1,0,0,0,.875
gangxiahoufang,gangxia,1,62,2,2.5,20,1,1,0,0,1,.875
gangxiahoufang,gangxia,1,57,1,2,40,1,1,1,0,1,.875
gangxiahoufang,gangxia,1,46,7,15,50,1,1,1,0,1,.875
gangxiazhonggang,gangxia,1,40,4,10,50,1,0,1,0,1,.64285713
gangxiazhonggang,gangxia,1,32,4,30,40,0,0,1,0,1,.64285713
gangxiazhonggang,gangxia,1,78,4,13,50,1,0,0,0,1,.64285713
gangxiazhonggang,gangxia,1,56,2,4,20,1,0,0,1,1,.64285713
gangxiazhonggang,gangxia,0,56,3,5,20,1,0,1,0,1,.64285713
gangxiazhonggang,gangxia,1,38,4,7,50,1,0,1,0,1,.64285713
gangxiazhonggang,gangxia,1,63,4,6,80,1,0,0,0,1,.64285713
gangxiazhonggang,gangxia,1,53,5,8,20,1,0,0,0,1,.64285713
gangxiazhonggang,gangxia,1,58,6,20,50,1,0,1,0,1,.64285713
gangxiazhonggang,gangxia,1,58,1,2,20,0,0,1,0,0,.64285713
gangxiazhonggang,gangxia,1,45,5,5,30,0,0,0,0,1,.64285713
gangxiazhonggang,gangxia,0,54,5,5,20,1,0,0,0,1,.64285713
guojiahexi,guojia,0,60,3,4,10,1,0,0,0,0,.12
guojiahexi,guojia,0,58,6,2.799999952316284,20,0,0,1,0,0,.12
guojiahexi,guojia,0,40,5,20,20,1,0,0,0,1,.12
guojiahexi,guojia,1,55,1,10,50,0,0,0,0,0,.12
guojiahexi,guojia,0,77,6,6,50,1,0,0,0,1,.12
guojiahexi,guojia,1,47,5,2,30,0,0,0,0,0,.12
guojiahexi,guojia,0,48,3,30,50,1,0,1,.19999999,1,.12
guojiahexi,guojia,1,51,5,12,40,1,0,0,.80000001,1,.12
guojiahexi,guojia,0,52,3,9,30,1,0,0,0,1,.12
guojiahexi,guojia,0,41,3,2,20,0,0,1,0,0,.12
guojiahexi,guojia,0,33,5,9,0,1,0,1,0,1,.12
guojiahexi,guojia,1,77,4,5,50,1,0,1,0,0,.12
guojiahexi,guojia,1,50,4,10,20,1,0,1,0,1,.12
guojiahexi,guojia,1,58,5,10,50,1,0,1,0,1,.12
hefeng10,hefeng,0,49,6,16,20,1,0,0,0,1,.18181819
hefeng10,hefeng,0,69,6,22,10,1,0,0,.39999998,1,.18181819
hefeng10,hefeng,0,43,5,18,30,1,0,1,1,1,.18181819
hefeng10,hefeng,0,63,6,12,30,1,0,1,1,1,.18181819
hefeng10,hefeng,0,74,9,1.2,50,1,0,0,0,0,.18181819
hefeng10,hefeng,0,63,7,12,50,1,0,0,0,1,.18181819
hefeng10,hefeng,0,51,10,28,40,1,0,0,0,1,.18181819
hefeng11,hefeng,0,67,2,7,50,1,0,0,.19999999,0,.2857143
hefeng11,hefeng,0,46,5,20,20,1,0,1,.19999999,1,.2857143
hefeng11,hefeng,1,67,8,10,50,1,0,1,.39999998,1,.2857143
hefeng11,hefeng,0,40,4,46,20,1,0,0,.19999999,1,.2857143
hefeng11,hefeng,0,39,4,39,30,1,0,0,0,1,.2857143
hefeng11,hefeng,0,43,4,25,40,1,0,1,.39999998,1,.2857143
hefeng11,hefeng,0,59,6,34,30,1,0,1,0,0,.2857143
hefeng13,hefeng,0,68,9,10,50,0,1,0,0,0,.22222222
hefeng13,hefeng,1,53,6,6,40,1,1,0,0,1,.22222222
hefeng13,hefeng,1,32,4,15,20,1,1,1,1,1,.22222222
hefeng13,hefeng,1,36,3,3,20,1,1,0,0,1,.22222222
hefeng13,hefeng,1,48,4,24,20,1,1,1,0,1,.22222222
hefeng14,hefeng,0,54,4,8,30,1,0,0,1,1,.14285715
hefeng14,hefeng,1,39,4,15,30,1,0,1,0,1,.14285715
hefeng14,hefeng,0,63,10,6,20,1,0,1,0,1,.14285715
hefeng14,hefeng,1,29,7,30,30,1,0,1,0,1,.14285715
hefeng14,hefeng,0,44,4,5,20,1,0,0,0,1,.14285715
hefeng14,hefeng,0,80,2,.5,30,1,0,0,0,1,.14285715
hefeng14,hefeng,0,64,6,35,50,1,0,0,0,1,.14285715
hefeng14,hefeng,1,61,2,7.2,30,1,0,1,0,0,.14285715
hefeng14,hefeng,0,59,6,13.1,40,1,0,1,0,1,.14285715
hefeng14,hefeng,0,63,11,40,20,1,0,1,0,0,.14285715
hefeng14,hefeng,0,57,6,20,20,1,0,0,0,1,.14285715
hefeng2,hefeng,0,60,6,21,40,1,0,1,.60000002,1,0
hefeng2,hefeng,0,47,4,10,20,1,0,0,0,1,0
hefeng2,hefeng,1,37,5,4,20,1,0,1,.39999998,1,0
hefeng2,hefeng,0,70,2,4,20,1,0,1,0,1,0
hefeng2,hefeng,1,61,6,12,70,1,0,0,.19999999,1,0
hefeng6,hefeng,1,72,7,5,50,1,0,1,0,0,.52941179
hefeng6,hefeng,1,59,3,,40,1,0,0,.60000002,1,.52941179
hefeng6,hefeng,0,42,5,20,50,1,0,0,.19999999,1,.52941179
hefeng6,hefeng,1,39,4,23,20,1,0,1,0,1,.52941179
hefeng6,hefeng,1,66,4,6,40,1,0,0,0,1,.52941179
hefeng6,hefeng,0,51,7,11,20,1,0,1,0,1,.52941179
hefeng6,hefeng,1,40,4,8,20,1,0,0,0,1,.52941179
hefeng6,hefeng,0,38,5,5,40,1,0,0,0,1,.52941179
hefeng6,hefeng,0,54,4,23,30,1,0,1,0,1,.52941179
hefeng6,hefeng,1,59,6,10,30,1,0,1,1,1,.52941179
hefeng7,hefeng,0,49,5,5,30,1,0,1,0,1,.15000001
hefeng7,hefeng,0,44,4,15,40,1,0,0,0,1,.15000001
hefeng7,hefeng,1,62,3,3.5,20,1,0,1,.39999998,1,.15000001
hefeng7,hefeng,0,53,6,38,20,1,0,1,0,1,.15000001
hefeng7,hefeng,0,47,4,14,30,1,0,0,.39999998,1,.15000001
hefeng7,hefeng,1,73,2,4,40,1,0,1,.60000002,0,.15000001
hefeng7,hefeng,0,45,5,13,30,1,0,1,0,1,.15000001
hefeng7,hefeng,0,29,4,9,30,1,0,0,0,1,.15000001
hefeng7,hefeng,0,43,4,21,40,1,0,0,1,1,.15000001
hefeng7,hefeng,0,46,4,10,0,1,0,0,0,1,.15000001
hefeng7,hefeng,0,38,4,27,20,1,0,0,.39999998,1,.15000001
hefeng7,hefeng,1,68,5,10.2,50,1,0,0,0,1,.15000001
hefeng7,hefeng,0,53,8,40,20,1,0,1,0,1,.15000001
hefeng7,hefeng,0,55,5,9,30,1,0,0,0,1,.15000001
hefeng7,hefeng,1,66,3,2.3,20,1,0,0,0,1,.15000001
helinjiufang,helin,1,42,5,7,30,1,0,1,0,1,.375
helinjiufang,helin,1,39,5,20,40,1,0,1,0,1,.375
helinjiufang,helin,0,56,3,10,20,1,0,0,0,1,.375
helinjiufang,helin,1,45,6,10,100,1,0,0,0,1,.375
helinjiufang,helin,1,57,3,20,1,1,0,0,0,1,.375
helinjiufang,helin,0,46,4,16,30,1,0,0,0,1,.375
helinjiufang,helin,1,59,5,12,40,1,0,1,0,1,.375
helinjiufang,helin,0,41,6,17,50,1,0,1,0,1,.375
helinjiufang,helin,1,54,4,13,20,1,0,0,0,1,.375
helinjiufang,helin,0,68,5,18,50,1,0,1,0,1,.375
helinjiufang,helin,1,40,5,80,20,0,0,0,0,0,.375
helinjiufang,helin,1,43,4,12,50,1,0,0,1,1,.375
helinxinzhi,helin,0,42,4,6.599999904632568,40,1,1,0,0,1,.7368421
helinxinzhi,helin,0,59,5,4,20,1,1,1,.80000001,1,.7368421
helinxinzhi,helin,1,43,4,8,40,1,1,1,.39999998,1,.7368421
helinxinzhi,helin,1,39,4,22,50,1,1,0,1,1,.7368421
helinxinzhi,helin,0,53,5,17,20,1,1,0,0,1,.7368421
helinxinzhi,helin,1,44,5,20,20,1,1,0,0,1,.7368421
helinxinzhi,helin,0,45,4,20,50,1,1,1,0,1,.7368421
helinxinzhi,helin,1,69,7,40,40,1,1,0,.39999998,0,.7368421
helinxinzhi,helin,0,40,7,9.800000190734863,50,1,1,0,0,1,.7368421
helinxinzhi,helin,1,40,4,15,20,1,1,1,0,1,.7368421
helinxinzhi,helin,0,36,4,10,20,1,1,0,0,1,.7368421
hongxing10,hongxing,1,38,4,130,5,1,1,0,.60000002,1,.45454547
hongxing10,hongxing,0,45,6,10,50,1,1,0,0,1,.45454547
hongxing10,hongxing,0,63,6,14,20,1,1,1,0,0,.45454547
hongxing10,hongxing,1,45,1,1.5,30,1,1,1,0,1,.45454547
hongxing10,hongxing,0,68,7,24,20,1,1,0,0,1,.45454547
hongxing11,hongxing,0,74,3,6,40,1,1,0,0,1,.42857143
hongxing11,hongxing,1,47,3,28,20,1,1,1,.39999998,1,.42857143
hongxing11,hongxing,1,42,4,18,20,1,1,1,.80000001,1,.42857143
hongxing11,hongxing,0,44,3,15,40,1,1,0,1,1,.42857143
hongxing11,hongxing,0,41,4,28,50,1,1,1,.19999999,1,.42857143
hongxing11,hongxing,1,58,6,10,50,1,1,0,0,1,.42857143
hongxing11,hongxing,0,46,6,24,30,1,1,0,0,1,.42857143
hongxing11,hongxing,0,42,4,10,50,1,1,0,0,1,.42857143
hongxing11,hongxing,0,46,4,34,20,1,1,1,.19999999,1,.42857143
hongxing11,hongxing,1,49,4,15,20,1,1,1,1,1,.42857143
hongxing11,hongxing,0,67,8,4,20,0,1,1,0,0,.42857143
hongxing2,hongxing,0,57,7,20,20,1,0,0,0,1,.11111111
hongxing2,hongxing,0,44,4,6.4,20,1,0,0,0,0,.11111111
hongxing2,hongxing,0,37,3,6,50,1,0,0,0,1,.11111111
hongxing2,hongxing,0,45,4,25,50,1,0,1,0,1,.11111111
hongxing2,hongxing,0,70,6,16,50,1,0,1,0,0,.11111111
hongxing2,hongxing,0,40,5,20,0,1,0,1,0,1,.11111111
hongxing2,hongxing,1,52,7,37,20,1,0,1,0,1,.11111111
hongxing3,hongxing,0,46,5,20,50,1,0,1,0,0,.1
hongxing3,hongxing,0,48,5,18,50,1,0,1,0,1,.1
hongxing3,hongxing,1,65,3,4.5,50,1,0,0,0,1,.1
hongxing3,hongxing,1,40,5,13,80,1,0,1,0,1,.1
hongxing3,hongxing,1,76,3,5,30,1,0,0,0,1,.1
hongxing3,hongxing,1,64,5,12,40,1,0,0,.60000002,0,.1
hongxing3,hongxing,0,56,6,8,40,1,0,1,0,0,.1
hongxing3,hongxing,0,42,4,16,50,1,0,1,0,1,.1
hongxing4,hongxing,0,41,4,22.07,20,1,0,0,0,0,.85714287
hongxing4,hongxing,1,70,4,12,40,1,0,1,.60000002,0,.85714287
hongxing4,hongxing,0,52,3,17,50,1,0,0,0,1,.85714287
hongxing4,hongxing,1,45,4,30,10,1,0,1,.19999999,1,.85714287
hongxing4,hongxing,1,47,5,25,30,1,0,0,.19999999,1,.85714287
hongxing5,hongxing,0,62,5,1.5,40,0,0,1,0,0,.23076923
hongxing5,hongxing,0,53,5,15.6,30,1,0,1,0,1,.23076923
hongxing5,hongxing,0,54,7,13,30,1,0,0,0,1,.23076923
hongxing5,hongxing,1,59,7,20,25,1,0,1,0,1,.23076923
hongxing5,hongxing,1,65,4,14,50,1,0,1,0,0,.23076923
hongxing5,hongxing,0,44,4,13,50,1,0,1,0,1,.23076923
hongxing5,hongxing,0,54,5,10,40,1,0,0,0,0,.23076923
hongxing5,hongxing,0,64,9,16,20,1,0,0,0,1,.23076923
hongxing5,hongxing,0,47,4,10,20,1,0,1,1,1,.23076923
hongxing5,hongxing,1,42,4,15,50,1,0,0,0,1,.23076923
hongxing8,hongxing,1,55,6,15,50,1,1,1,.39999998,1,.33333334
hongxing8,hongxing,0,31,4,22,20,1,1,0,.39999998,1,.33333334
hongxing8,hongxing,0,43,4,25,20,1,1,1,0,1,.33333334
hongxing8,hongxing,0,57,6,20,40,1,1,1,.80000001,1,.33333334
hongxing8,hongxing,1,53,3,10,20,1,1,1,0,1,.33333334
hongxing8,hongxing,1,51,4,15,40,1,1,0,0,0,.33333334
hongxing8,hongxing,1,38,7,10,20,1,1,0,0,1,.33333334
hongxing8,hongxing,1,33,4,12,10,1,1,1,1,1,.33333334
hongxing8,hongxing,1,47,4,27,50,1,1,0,0,1,.33333334
hongxing9,hongxing,1,37,4,57,70,1,0,1,0,1,.25
hongxing9,hongxing,0,55,2,3,50,1,0,0,.80000001,1,.25
hongxing9,hongxing,0,65,2,6,50,1,0,1,0,1,.25
hongxing9,hongxing,1,51,4,14,30,1,0,0,.19999999,1,.25
huangshan1,huangshan,1,39,6,1.2,50,1,0,1,0,1,0
huangshan1,huangshan,1,63,6,7,50,1,0,0,0,1,0
huangshan1,huangshan,1,41,4,3,40,1,0,0,.39999998,1,0
huangshan1,huangshan,1,68,2,2,20,1,0,0,0,1,0
huangshan1,huangshan,0,33,5,10,20,1,0,1,0,1,0
huangshan1,huangshan,0,45,5,12,30,1,0,0,0,1,0
huangshan10,huangshan,1,46,6,10,50,1,1,0,0,0,.89999998
huangshan10,huangshan,1,33,3,10,30,1,1,0,0,1,.89999998
huangshan10,huangshan,1,54,2,12,20,1,1,1,.80000001,1,.89999998
huangshan10,huangshan,1,42,5,20,5,1,1,0,0,1,.89999998
huangshan10,huangshan,0,39,6,10,50,1,1,1,0,1,.89999998
huangshan10,huangshan,0,46,4,15,30,1,1,1,0,1,.89999998
huangshan10,huangshan,1,46,4,6,50,1,1,1,0,1,.89999998
huangshan10,huangshan,0,42,5,10,50,1,1,0,0,1,.89999998
huangshan2,huangshan,0,65,5,10,50,1,0,0,0,1,.5
huangshan2,huangshan,1,50,6,4,50,1,0,0,0,1,.5
huangshan2,huangshan,1,70,6,13.5,30,1,0,0,0,0,.5
huangshan2,huangshan,0,58,8,20,40,1,0,1,0,1,.5
huangshan2,huangshan,1,36,7,18,40,1,0,1,.60000002,1,.5
huangshan2,huangshan,0,41,4,25,40,1,0,0,0,1,.5
huangshan2,huangshan,0,72,4,7,50,1,0,1,.39999998,0,.5
huangshan2,huangshan,0,55,5,15,50,1,0,1,0,1,.5
huangshan2,huangshan,0,38,9,13,50,1,0,1,0,1,.5
huangshan3,huangshan,1,58,4,5.5,50,1,1,1,0,1,.89999998
huangshan3,huangshan,1,60,3,6,20,1,1,1,0,1,.89999998
huangshan3,huangshan,1,48,4,17,20,1,1,0,0,1,.89999998
huangshan3,huangshan,1,51,3,6,30,1,1,1,.80000001,1,.89999998
huangshan3,huangshan,1,57,5,12,50,1,1,0,0,1,.89999998
huangshan3,huangshan,1,71,2,4,20,1,1,0,.80000001,1,.89999998
huangshan3,huangshan,1,67,4,10,40,1,1,0,0,1,.89999998
huangshan5,huangshan,1,46,7,14,30,1,0,0,.39999998,1,.5
huangshan5,huangshan,1,74,11,5,50,1,0,1,0,0,.5
huangshan5,huangshan,0,59,6,3,10,1,0,1,.39999998,0,.5
huangshan5,huangshan,0,37,5,14,20,1,0,0,.39999998,1,.5
huangshan5,huangshan,0,45,4,4,50,1,0,0,0,1,.5
huangshan5,huangshan,0,57,5,7.5,50,1,0,1,0,1,.5
huangshan5,huangshan,1,61,2,13,20,1,0,0,0,0,.5
huangshan5,huangshan,0,62,5,2,20,1,0,0,.39999998,0,.5
huangshan8,huangshan,1,27,4,5.4,20,1,1,0,0,1,.60000002
huangshan8,huangshan,1,37,4,8,50,1,1,1,0,1,.60000002
huangshan8,huangshan,1,40,4,47,50,1,1,1,.39999998,1,.60000002
huangshan8,huangshan,1,61,10,6,30,1,1,0,1,1,.60000002
huangshan8,huangshan,0,60,7,12,40,1,1,1,0,1,.60000002
huangshan8,huangshan,0,47,5,13.5,30,1,1,0,1,1,.60000002
huangshan8,huangshan,1,51,13,29,20,1,1,1,0,1,.60000002
huangshan8,huangshan,0,43,4,16,50,0,1,1,0,1,.60000002
huangshan9,huangshan,0,34,4,24,30,1,1,0,.80000001,1,.25
huangshan9,huangshan,0,47,4,48,50,1,1,1,0,1,.25
huangshan9,huangshan,1,41,5,25,20,1,1,0,1,1,.25
huangshan9,huangshan,0,47,6,20,20,1,1,1,0,1,.25
huangshan9,huangshan,0,44,4,20,40,1,1,1,0,1,.25
huangshan9,huangshan,1,29,5,650,50,1,1,1,.19999999,1,.25
huangshan9,huangshan,1,53,8,35,20,1,1,0,.39999998,1,.25
jingang3,jingang,1,58,3,14,20,1,1,1,0,1,.30000001
jingang3,jingang,0,66,10,5,30,1,1,0,0,1,.30000001
jingang3,jingang,1,44,4,13,40,1,1,0,0,1,.30000001
jingang3,jingang,0,40,4,5,50,1,1,1,0,1,.30000001
jingang3,jingang,0,33,3,2,0,1,1,0,.60000002,0,.30000001
jingang3,jingang,0,36,4,14,20,1,1,1,0,1,.30000001
jingang3,jingang,1,54,4,13,20,1,1,1,0,1,.30000001
jingang4,jingang,0,44,4,10,50,1,0,1,0,1,.5
jingang4,jingang,1,55,7,13,20,0,0,1,.39999998,1,.5
jingang4,jingang,1,42,4,5.6,30,1,0,1,1,1,.5
jingang4,jingang,0,29,6,8,50,1,0,1,0,1,.5
jingang4,jingang,1,62,3,6,20,1,0,1,.39999998,1,.5
jingang4,jingang,0,43,4,7,50,1,0,0,.19999999,1,.5
jingang4,jingang,0,42,4,26,50,1,0,0,.39999998,1,.5
jingang4,jingang,0,61,5,6,20,1,0,0,.19999999,1,.5
jingang4,jingang,1,51,4,7,30,1,0,0,0,1,.5
jingang4,jingang,1,37,4,5,40,1,0,0,0,1,.5
jingang5,jingang,0,69,4,5,50,1,0,1,0,1,.16666667
jingang5,jingang,0,59,8,9,40,1,0,1,0,1,.16666667
jingang5,jingang,0,56,4,6,20,1,0,1,0,1,.16666667
jingang5,jingang,0,41,4,6,40,1,0,0,.39999998,0,.16666667
jingang5,jingang,0,36,5,6,50,1,0,1,0,1,.16666667
jingang5,jingang,0,36,4,14,50,1,0,0,0,1,.16666667
jingang5,jingang,0,56,1,1.5,20,0,0,1,0,0,.16666667
jingang5,jingang,0,51,5,17,50,1,0,0,0,1,.16666667
jingang5,jingang,0,58,5,12,40,1,0,0,0,0,.16666667
jingang8,jingang,1,74,2,4,20,1,0,1,.80000001,1,.5
jingang8,jingang,0,45,4,4,30,1,0,1,.19999999,1,.5
jingang8,jingang,0,60,5,7.6,30,1,0,0,0,1,.5
jingang8,jingang,1,70,7,1.8,20,1,0,0,0,1,.5
jingang8,jingang,1,78,9,5,30,1,0,0,0,1,.5
jingang8,jingang,1,56,10,7,20,1,0,1,.19999999,1,.5
jingang8,jingang,0,38,4,2.5,40,1,0,0,0,1,.5
jingang9,jingang,0,61,4,4,20,1,0,1,0,0,.41176471
jingang9,jingang,0,40,4,4,20,1,0,0,.39999998,1,.41176471
jingang9,jingang,0,37,5,4.5,50,1,0,1,0,1,.41176471
jingang9,jingang,0,57,6,3,0,1,0,1,0,1,.41176471
jingang9,jingang,1,72,6,4,20,1,0,1,.80000001,1,.41176471
jingang9,jingang,0,82,7,8,40,1,0,1,0,0,.41176471
jingang9,jingang,0,42,4,3.6,50,1,0,1,0,1,.41176471
jingang9,jingang,0,40,4,4,40,1,0,0,.39999998,1,.41176471
jingang9,jingang,0,42,4,11,20,1,0,0,0,1,.41176471
jinggangbeilongjingtou,jinggang,0,53,6,1.840000033378601,50,1,0,0,0,1,.11111111
jinggangbeilongjingtou,jinggang,1,50,5,1,30,1,0,0,0,1,.11111111
jinggangbeilongjingtou,jinggang,0,49,6,5,0,1,0,0,0,1,.11111111
jinggangbeilongjingtou,jinggang,0,47,4,2.380000114440918,20,1,0,0,.39999998,1,.11111111
jinggangbeilongjingtou,jinggang,0,42,5,6.699999809265137,3,1,0,0,0,1,.11111111
jinggangbeilongjingtou,jinggang,1,60,4,12,20,1,0,0,.80000001,1,.11111111
jinggangbeilongjingtou,jinggang,0,57,3,6,20,1,0,1,0,1,.11111111
jinggangbeilongjingtou,jinggang,0,42,5,40,50,1,0,1,0,1,.11111111
jinggangbeilongjingtou,jinggang,1,42,5,18,20,1,0,1,.80000001,1,.11111111
jinggangbeilongjingtou,jinggang,1,66,7,12,20,1,0,1,.80000001,1,.11111111
jinggangbeilongjingtou,jinggang,0,70,3,4,40,1,0,1,0,0,.11111111
jinggangsanggang,jinggang,1,73,1,5,50,1,1,1,0,0,.80000001
jinggangsanggang,jinggang,1,62,4,7,20,1,1,0,0,1,.80000001
jinggangsanggang,jinggang,1,57,7,6,50,1,1,1,1,1,.80000001
jinggangsanggang,jinggang,1,81,5,1,30,1,1,0,0,0,.80000001
jinggangsanggang,jinggang,1,36,4,9,50,0,1,0,0,1,.80000001
jinggangsanggang,jinggang,1,60,6,2,40,1,1,1,0,0,.80000001
jinggangsanggang,jinggang,0,53,5,10,50,1,1,0,0,1,.80000001
jinggangxianshan,jinggang,1,37,4,18,20,1,0,1,.80000001,1,.2
jinggangxianshan,jinggang,1,76,7,45,30,1,0,0,0,0,.2
jinggangxianshan,jinggang,0,57,5,8,10,1,0,0,.39999998,1,.2
jinggangzhaojiazhuang,jinggang,1,42,4,18,20,1,1,1,.80000001,1,.1
jinggangzhaojiazhuang,jinggang,0,41,4,3,50,1,1,1,0,0,.1
jinggangzhaojiazhuang,jinggang,0,45,5,20,30,1,1,0,0,1,.1
jinggangzhaojiazhuang,jinggang,1,50,6,18,20,1,1,1,.80000001,1,.1
jinggangzhaojiazhuang,jinggang,1,85,2,1,50,1,1,0,0,0,.1
jinggangzhaojiazhuang,jinggang,0,49,5,13,40,1,1,0,.39999998,1,.1
lianqiandadi,lianqian,1,77,3,8,10,1,1,1,0,1,.375
lianqiandadi,lianqian,1,55,6,15,30,1,1,0,0,0,.375
lianqiandadi,lianqian,1,70,7,12,40,1,1,0,.60000002,1,.375
lianqiandadi,lianqian,0,55,6,8,50,0,1,1,0,1,.375
lianqiandadi,lianqian,0,66,7,6,20,1,1,1,0,1,.375
lianqiandadi,lianqian,0,36,5,17,50,1,1,0,0,1,.375
lianqiandadi,lianqian,0,60,5,6,30,1,1,1,0,0,.375
lianqiandadi,lianqian,1,61,2,10,30,1,1,0,0,0,.375
lianqianlaoji,lianqian,0,47,3,6,40,1,1,0,0,1,.58823532
lianqianlaoji,lianqian,1,39,4,12,30,0,1,0,0,0,.58823532
lianqianlaoji,lianqian,0,75,2,2,50,1,1,1,0,0,.58823532
lianqianlaoji,lianqian,1,45,4,12,30,1,1,1,.60000002,1,.58823532
lianqianlaoji,lianqian,0,36,3,15,50,1,1,1,0,1,.58823532
lianqianlaoji,lianqian,0,47,4,15,100,1,1,0,.39999998,1,.58823532
lianqianlaoji,lianqian,0,34,7,10,20,1,1,0,0,1,.58823532
lianqianlaoji,lianqian,1,69,7,4,50,1,1,1,.19999999,1,.58823532
lianqianlaoji,lianqian,1,39,7,38,50,1,1,0,0,0,.58823532
lianqianlaoji,lianqian,1,61,3,10,30,1,1,1,0,0,.58823532
lianqianlaoji,lianqian,1,48,6,15,80,1,1,1,0,1,.58823532
lianqianlaoji,lianqian,1,45,6,36,50,1,1,0,0,1,.58823532
lianqianlaoji,lianqian,1,39,7,30,20,1,1,1,0,1,.58823532
lianqianxinji,lianqian,0,53,3,14,50,1,0,0,0,1,.38095239
lianqianxinji,lianqian,0,62,5,5,40,1,0,1,0,0,.38095239
lianqianxinji,lianqian,1,49,5,12,30,1,0,1,0,0,.38095239
lianqianxinji,lianqian,0,57,4,16,50,0,0,1,0,0,.38095239
lianqianxinji,lianqian,0,55,9,9,30,0,0,1,0,0,.38095239
lianqianxinji,lianqian,0,32,5,23,20,1,0,0,0,1,.38095239
lianqianxinji,lianqian,1,53,4,21,40,1,0,1,0,1,.38095239
lianqianxinji,lianqian,0,69,4,7.5,20,1,0,0,0,1,.38095239
lianqianxinji,lianqian,0,53,5,10,20,1,0,0,0,1,.38095239
lianqianxinji,lianqian,1,53,3,10,40,1,0,1,0,1,.38095239
lianxingchenjia,lianxing,1,52,5,14,30,1,0,0,0,1,.68421054
lianxingchenjia,lianxing,0,61,2,8,50,1,0,0,0,0,.68421054
lianxingchenjia,lianxing,1,37,4,3,20,1,0,0,1,1,.68421054
lianxingchenjia,lianxing,0,54,6,10,20,1,0,1,0,1,.68421054
lianxingchenjia,lianxing,1,48,6,15,30,1,0,0,0,1,.68421054
lianxingchenjia,lianxing,1,59,3,10,30,1,0,0,0,1,.68421054
lianxingchenjia,lianxing,1,55,4,12,40,0,0,0,0,0,.68421054
lianxingchenjia,lianxing,1,50,2,7,60,1,0,0,0,1,.68421054
lianxingchenjia,lianxing,0,35,4,10,50,1,0,0,0,1,.68421054
lianxingchenjia,lianxing,1,40,5,10,40,1,0,1,0,1,.68421054
lianxingchenjia,lianxing,0,38,4,6,60,0,0,0,0,1,.68421054
lianxingchenjia,lianxing,0,59,7,2,20,1,0,1,1,1,.68421054
lianxingchenjia,lianxing,0,61,3,10,0,1,0,1,0,1,.68421054
lianxingchenjia,lianxing,1,38,5,16,40,1,0,1,0,1,.68421054
lianxingchenjia,lianxing,1,41,5,40,50,1,0,1,0,1,.68421054
lianxingtangjia,lianxing,1,52,3,13,50,1,1,0,0,1,.77777779
lianxingtangjia,lianxing,0,36,7,8,20,1,1,1,1,0,.77777779
lianxingtangjia,lianxing,1,58,4,10,30,1,1,1,.19999999,1,.77777779
lianxingtangjia,lianxing,1,41,4,13,50,1,1,1,.80000001,1,.77777779
lianxingtangjia,lianxing,1,49,3,8,50,1,1,1,.80000001,1,.77777779
lianxingtangjia,lianxing,0,41,6,12,20,1,1,0,.60000002,1,.77777779
lianxingxujia,lianxing,1,48,8,25,0,1,0,0,0,1,.375
lianxingxujia,lianxing,1,35,3,60,40,1,0,1,0,1,.375
lianxingxujia,lianxing,1,54,8,6.5,40,0,0,1,0,0,.375
lianxingxujia,lianxing,1,53,11,12,50,1,0,0,.39999998,1,.375
lianxingxujia,lianxing,1,36,5,20,20,1,0,1,1,1,.375
lianxingxujia,lianxing,0,37,7,8,20,0,0,0,.39999998,0,.375
longqingmianqian,longqing,1,44,10,19,40,0,1,1,0,1,1
longqingmianqian,longqing,1,74,1,4,40,1,1,1,.60000002,0,1
longqingmianqian,longqing,1,80,7,6,15,1,1,0,0,0,1
longqingmianqian,longqing,1,64,2,6,30,1,1,1,0,1,1
longqingmianqian,longqing,0,64,5,10,40,1,1,0,0,1,1
longqingmianqian,longqing,1,58,4,6.300000190734863,50,1,1,0,0,1,1
longqingmianqian,longqing,0,45,4,11,20,1,1,0,0,0,1
longqingqifang,longqing,1,52,3,15,50,1,0,0,0,1,.64285713
longqingqifang,longqing,1,45,6,6,40,1,0,1,0,1,.64285713
longqingqifang,longqing,0,40,8,6,20,1,0,0,1,1,.64285713
longqingqifang,longqing,1,45,6,6.900000095367432,50,1,0,0,0,1,.64285713
longqingqifang,longqing,0,41,5,50,50,0,0,1,0,1,.64285713
longqingqifang,longqing,1,66,2,8,20,1,0,1,0,1,.64285713
longqingqifang,longqing,1,60,9,2,20,1,0,1,0,1,.64285713
longqingqifang,longqing,0,52,8,8,20,1,0,0,0,1,.64285713
longqingqifang,longqing,1,54,5,10,50,1,0,0,.19999999,1,.64285713
longqingshanglonghejia,longqing,1,65,2,4,50,1,0,0,0,1,.5
longqingshanglonghejia,longqing,1,51,3,12,50,1,0,1,1,1,.5
longqingshanglonghejia,longqing,1,49,5,10,20,1,0,0,0,0,.5
longqingshanglonghejia,longqing,1,54,3,10,50,1,0,1,.19999999,1,.5
longqingshanglonghejia,longqing,0,64,6,4,30,1,0,0,0,1,.5
longqingshanglonghejia,longqing,0,41,4,8.399999618530273,20,1,0,0,0,1,.5
lusikoulusikou,lusikou,0,36,6,14,20,1,0,1,0,1,.30769232
lusikoulusikou,lusikou,1,44,4,12,20,1,0,0,.19999999,1,.30769232
lusikoulusikou,lusikou,1,65,5,10,20,1,0,1,0,1,.30769232
lusikoulusikou,lusikou,1,50,4,30,40,1,0,1,.39999998,1,.30769232
mazhouchenjia,mazhou,1,40,5,10,20,1,1,1,0,1,.69230771
mazhouchenjia,mazhou,1,67,7,12,20,1,1,0,0,1,.69230771
mazhouchenjia,mazhou,0,48,5,10,30,0,1,1,0,1,.69230771
mazhouchenjia,mazhou,1,50,4,10,50,1,1,1,0,0,.69230771
mazhouchenjia,mazhou,1,74,5,9,40,0,1,0,0,0,.69230771
mazhouchenjia,mazhou,1,41,5,15,30,1,1,0,0,1,.69230771
mazhouchenjia,mazhou,1,71,6,,50,1,1,0,.19999999,0,.69230771
mazhoudengjia,mazhou,0,38,4,6,30,0,1,0,0,0,.75
mazhoudengjia,mazhou,1,34,4,20,50,0,1,1,0,0,.75
mazhoudengjia,mazhou,0,33,6,20,50,0,1,1,0,0,.75
mazhoudengjia,mazhou,1,51,4,16,20,1,1,0,.19999999,0,.75
mazhouluojia,mazhou,1,76,5,2,80,1,0,0,0,0,.875
mazhouluojia,mazhou,0,50,5,8,10,1,0,1,0,1,.875
mazhouluojia,mazhou,1,73,10,5,20,1,0,1,0,0,.875
mazhouluojia,mazhou,1,35,5,180,20,1,0,0,.39999998,1,.875
mazhouluojia,mazhou,0,42,6,5,20,1,0,1,.19999999,1,.875
mazhouwujia,mazhou,0,37,4,10,50,0,0,0,0,1,.45454547
mazhouwujia,mazhou,1,38,4,12,20,0,0,0,0,0,.45454547
mazhouwujia,mazhou,1,40,4,11,20,0,0,0,0,0,.45454547
mazhouwujia,mazhou,0,50,4,13,50,0,0,0,0,0,.45454547
mazhouwujia,mazhou,0,42,5,3,50,0,0,1,.19999999,1,.45454547
mazhouwujia,mazhou,0,43,5,8,30,0,0,1,0,0,.45454547
minzhu1,minzhu,0,55,6,1,30,1,0,1,.39999998,,.14285715
minzhu1,minzhu,0,42,5,6,20,1,0,0,0,,.14285715
minzhu1,minzhu,0,44,4,1,50,1,0,1,0,0,.14285715
minzhu1,minzhu,0,67,12,2,20,1,0,0,0,,.14285715
minzhu1,minzhu,0,63,7,13,40,1,0,1,0,1,.14285715
minzhu1,minzhu,0,47,5,9,50,1,0,0,0,1,.14285715
minzhu1,minzhu,0,40,4,10,30,1,0,1,0,1,.14285715
minzhu1,minzhu,1,39,4,7,50,1,0,1,0,1,.14285715
minzhu1,minzhu,0,45,5,3,40,1,0,0,0,0,.14285715
minzhu1,minzhu,1,47,3,13,50,1,0,1,0,1,.14285715
minzhu1,minzhu,0,39,4,14,20,1,0,0,.60000002,1,.14285715
minzhu10,minzhu,0,45,4,16,50,1,1,1,0,,.60000002
minzhu10,minzhu,1,42,5,10,50,1,1,0,0,1,.60000002
minzhu10,minzhu,1,61,3,5.4,20,1,1,1,0,1,.60000002
minzhu10,minzhu,1,42,5,9.1,10,1,1,0,0,1,.60000002
minzhu10,minzhu,0,45,4,11,20,1,1,1,0,1,.60000002
minzhu10,minzhu,1,40,4,8,20,1,1,1,0,,.60000002
minzhu10,minzhu,1,61,5,7.5,20,1,1,0,0,,.60000002
minzhu4,minzhu,0,48,4,14,40,1,1,0,0,1,.17647059
minzhu4,minzhu,1,43,4,10,50,1,1,0,.19999999,1,.17647059
minzhu4,minzhu,1,46,4,16,20,1,1,0,.19999999,1,.17647059
minzhu4,minzhu,0,72,2,2,20,1,1,0,0,0,.17647059
minzhu4,minzhu,0,61,5,4,20,1,1,1,.80000001,1,.17647059
minzhu4,minzhu,0,62,7,14,50,1,1,1,0,1,.17647059
minzhu4,minzhu,1,66,4,2,0,1,1,1,0,1,.17647059
minzhu4,minzhu,0,60,7,13,40,1,1,0,0,,.17647059
minzhu4,minzhu,0,56,6,23,20,1,1,1,1,0,.17647059
minzhu4,minzhu,0,47,4,16,40,1,1,0,.39999998,1,.17647059
minzhu6,minzhu,0,59,5,9,30,1,1,1,0,1,.42105263
minzhu6,minzhu,0,63,4,13,10,1,1,0,0,1,.42105263
minzhu6,minzhu,1,47,4,20,20,1,1,1,0,1,.42105263
minzhu6,minzhu,0,40,4,13,50,1,1,1,0,1,.42105263
minzhu6,minzhu,1,65,2,9,30,1,1,0,0,1,.42105263
minzhu6,minzhu,0,30,5,6.5,50,1,1,1,0,1,.42105263
minzhu6,minzhu,0,58,3,1.2,50,1,1,1,0,1,.42105263
minzhu6,minzhu,0,43,4,14.7,20,1,1,0,0,1,.42105263
minzhu6,minzhu,1,42,5,15,30,1,1,0,.39999998,1,.42105263
minzhu6,minzhu,1,62,5,11,20,1,1,0,0,1,.42105263
minzhu6,minzhu,0,58,6,11,20,1,1,0,.19999999,1,.42105263
minzhu6,minzhu,1,42,5,15,50,1,1,0,0,1,.42105263
minzhu7,minzhu,0,86,6,10,50,1,0,0,0,,0
minzhu7,minzhu,0,48,3,15,30,1,0,1,.19999999,1,0
minzhu7,minzhu,0,42,5,7,2,1,0,0,.39999998,1,0
minzhu7,minzhu,1,66,3,5,50,1,0,0,0,1,0
minzhu7,minzhu,0,42,5,12,40,1,0,0,1,1,0
minzhu7,minzhu,0,61,6,5,50,1,0,1,.80000001,1,0
minzhu7,minzhu,0,40,5,18,20,1,0,1,0,1,0
minzhu7,minzhu,0,63,1,5,40,1,0,1,0,1,0
minzhu7,minzhu,0,56,6,8,50,1,0,0,0,1,0
minzhu7,minzhu,1,59,4,12,20,1,0,1,.80000001,1,0
minzhu9,minzhu,1,65,5,5,30,1,0,1,0,1,.14285715
minzhu9,minzhu,0,44,3,6.5,30,0,0,1,.19999999,1,.14285715
minzhu9,minzhu,1,70,7,12,20,1,0,1,.80000001,0,.14285715
minzhu9,minzhu,1,65,11,12,40,1,0,0,.60000002,1,.14285715
shigang12,shigang,1,56,8,7,20,1,1,0,.60000002,1,.5
shigang12,shigang,1,44,4,6,20,1,1,0,0,1,.5
shigang12,shigang,1,59,3,4.7,50,1,1,1,0,1,.5
shigang12,shigang,0,53,6,15,0,,1,1,0,1,.5
shigang12,shigang,1,38,4,10,40,,1,1,.39999998,1,.5
shigang12,shigang,1,46,5,18,50,1,1,0,.39999998,1,.5
shigang12,shigang,1,56,3,7,30,1,1,1,0,0,.5
shigang21,shigang,1,75,2,1.4,20,1,1,0,0,0,.30000001
shigang21,shigang,1,44,5,20,50,1,1,0,0,1,.30000001
shigang21,shigang,0,51,4,3,30,1,1,1,0,1,.30000001
shigang21,shigang,1,41,4,5,20,1,1,1,0,1,.30000001
shigang21,shigang,0,42,5,4,50,1,1,0,0,1,.30000001
shigang21,shigang,0,41,5,4.2,20,1,1,1,0,1,.30000001
shigang21,shigang,1,70,10,10,50,1,1,0,0,0,.30000001
shigang41,shigang,0,44,4,5,10,1,1,0,0,1,.71428573
shigang41,shigang,0,67,8,12,40,1,1,0,0,0,.71428573
shigang41,shigang,0,76,2,1,50,1,1,1,0,1,.71428573
shigang41,shigang,1,49,6,10,30,1,1,1,1,1,.71428573
shigang41,shigang,1,60,10,9.9,50,1,1,1,0,,.71428573
shigang41,shigang,0,64,6,2,20,1,1,1,0,1,.71428573
shigang43,shigang,0,37,4,3,20,1,0,0,0,1,.2857143
shigang43,shigang,0,34,3,2,50,1,0,0,0,1,.2857143
shigang43,shigang,0,41,4,4,50,1,0,0,0,1,.2857143
shigang43,shigang,0,41,4,4,50,1,0,1,.39999998,1,.2857143
shigang43,shigang,0,43,4,5,30,1,0,1,0,1,.2857143
shigang43,shigang,0,69,10,10,40,1,0,1,0,1,.2857143
shigang43,shigang,0,60,6,3,50,1,0,0,0,1,.2857143
shigang52,shigang,1,46,5,7,40,1,0,0,0,1,.090909094
shigang52,shigang,0,67,10,10,50,1,0,0,.39999998,1,.090909094
shigang52,shigang,1,47,8,15,30,1,0,0,0,1,.090909094
wanshangxinji2,wanshang,0,40,5,13,30,1,1,1,0,1,.73333335
wanshangxinji2,wanshang,1,38,5,8,50,1,1,0,.39999998,1,.73333335
wanshangxinji2,wanshang,1,47,6,13,50,1,1,1,.60000002,0,.73333335
wanshangxinji2,wanshang,0,53,4,10,30,1,1,0,0,1,.73333335
wanshangxinji2,wanshang,1,46,5,13,20,1,1,1,.80000001,1,.73333335
wanshangxinji2,wanshang,1,34,5,35,50,1,1,1,1,1,.73333335
wanshangxinji2,wanshang,0,50,6,15,10,1,1,0,.19999999,1,.73333335
wanshangxinji2,wanshang,0,41,5,11,30,1,1,1,.19999999,1,.73333335
wanshangxinji2,wanshang,1,39,7,6,40,1,1,1,0,1,.73333335
wanshangxinji2,wanshang,1,45,3,8,50,0,1,0,0,1,.73333335
wanshangxinji2,wanshang,0,50,4,10,50,1,1,0,0,0,.73333335
wanshangxinji2,wanshang,0,74,2,14,40,1,1,0,0,1,.73333335
wanshangxinji2,wanshang,0,41,4,12,50,1,1,0,0,1,.73333335
wanshangxinji2,wanshang,1,53,6,14,20,1,1,1,1,1,.73333335
wanshangxinji2,wanshang,0,44,3,15,20,1,1,1,0,1,.73333335
wanshangxinji2,wanshang,1,25,6,11,20,1,1,1,0,0,.73333335
xiabaoshangnanbianshe,xiabao,0,53,2,8,20,0,0,0,0,0,.75
xiabaoshangnanbianshe,xiabao,0,56,4,20,10,1,0,0,0,1,.75
xiabaoshangnanbianshe,xiabao,1,69,2,7,50,1,0,0,1,0,.75
xiabaoshangnanbianshe,xiabao,1,45,7,20,35,1,0,1,0,1,.75
xiabaoxiananbianshe,xiabao,1,45,4,21,30,1,1,1,0,1,1
xiabaoxiananbianshe,xiabao,1,59,6,12,50,1,1,0,.19999999,1,1
xiabaoxiananbianshe,xiabao,1,40,4,35,50,1,1,0,0,1,1
xiabaoxiananbianshe,xiabao,1,55,6,12,30,1,1,0,0,1,1
xianghugaojia,xianghu,1,57,5,4,20,1,1,0,.19999999,1,1
xianghugaojia,xianghu,1,51,,10,50,1,1,0,.19999999,1,1
xianghugaojia,xianghu,1,46,4,15,50,1,1,0,.80000001,1,1
xianghugaojia,xianghu,1,47,3,14,60,1,1,0,1,1,1
xianghugaojia,xianghu,1,43,3,14,20,0,1,1,.39999998,1,1
xianghugaojia,xianghu,1,46,2,10,50,1,1,1,0,1,1
xianghuxianghudong,xianghu,1,57,7,13,40,1,0,0,1,0,.53333336
xianghuxianghudong,xianghu,1,53,4,17,20,0,0,0,0,0,.53333336
xianghuxianghudong,xianghu,0,55,1,2.299999952316284,10,0,0,0,0,0,.53333336
xianghuxianghudong,xianghu,1,39,5,20,70,1,0,1,.80000001,1,.53333336
xianghuxianghudong,xianghu,1,36,6,9,30,1,0,0,.60000002,1,.53333336
xianghuxianghudong,xianghu,0,39,5,2,50,1,0,1,0,0,.53333336
xianghuxianghudong,xianghu,0,58,3,8,50,1,0,1,1,0,.53333336
xianghuxianghudong,xianghu,1,40,4,15,40,1,0,1,0,1,.53333336
xianghuxianghudong,xianghu,1,36,5,18,30,0,0,0,.19999999,0,.53333336
xianghuxianghudong,xianghu,1,34,4,20,30,1,0,0,0,1,.53333336
xianghuxianghudong,xianghu,1,76,5,19,50,1,0,1,0,0,.53333336
xianghuxianghudong,xianghu,1,39,5,9,20,1,0,0,0,1,.53333336
xianghuxianghudong,xianghu,1,69,2,3.599999904632568,50,1,0,1,0,1,.53333336
xianghuxianghudong,xianghu,1,52,5,10,20,0,0,1,0,0,.53333336
xiaofangqudaobei,xiaofang,1,83,1,1,30,1,1,0,0,0,.75
xiaofangqudaobei,xiaofang,1,51,5,40,0,1,1,1,0,1,.75
xiaofangqudaobei,xiaofang,1,40,4,8,10,1,1,0,.39999998,1,.75
xiaofangqudaobei,xiaofang,1,22,4,7.199999809265137,20,1,1,0,0,1,.75
xiaofangqudaobei,xiaofang,0,50,5,20,30,1,1,1,1,1,.75
xiaofangqudaonan,xiaofang,0,41,4,10,50,0,0,0,.60000002,1,.090909094
xiaofangqudaonan,xiaofang,1,52,9,10,50,1,0,0,0,1,.090909094
xiaofangqudaonan,xiaofang,0,44,4,40,10,1,0,0,1,1,.090909094
xiaofangqudaonan,xiaofang,1,38,4,18,40,1,0,0,.60000002,1,.090909094
xiaofangqudaonan,xiaofang,0,47,6,3,50,1,0,0,.60000002,1,.090909094
xiashatouxi,xiashatou,1,62,6,1,40,0,1,1,0,0,.47368422
xiashatouxi,xiashatou,0,65,3,4,50,1,1,1,0,1,.47368422
xiashatouxi,xiashatou,1,42,5,60,30,1,1,1,.39999998,1,.47368422
xiashatouxi,xiashatou,1,42,6,10.39999961853027,20,1,1,1,0,1,.47368422
xiashatouxi,xiashatou,1,65,5,6.199999809265137,20,1,1,1,0,1,.47368422
xiashatouxi,xiashatou,1,48,6,4,20,1,1,0,0,1,.47368422
xiashatouxi,xiashatou,1,37,4,18,20,0,1,0,.39999998,1,.47368422
xiashatouxi,xiashatou,0,57,2,5,30,0,1,1,1,0,.47368422
xiashatouxi,xiashatou,1,36,5,18,20,0,1,0,0,0,.47368422
xiashatouxi,xiashatou,1,56,4,60,50,1,1,0,1,1,.47368422
xiashatouxi,xiashatou,0,72,5,2.400000095367432,60,1,1,0,0,1,.47368422
xiashatouxi,xiashatou,1,60,5,13,40,0,1,0,.60000002,0,.47368422
xiashatouxi,xiashatou,0,35,6,3,0,1,1,0,0,1,.47368422
xiecheng1,xiecheng,1,58,8,9,.6,1,0,0,.19999999,1,.47368422
xiecheng1,xiecheng,0,70,4,1,20,1,0,1,0,1,.47368422
xiecheng1,xiecheng,1,53,5,5,30,1,0,1,0,0,.47368422
xiecheng1,xiecheng,0,36,10,6,40,1,0,1,.39999998,1,.47368422
xiecheng1,xiecheng,0,66,7,7,30,1,0,0,0,1,.47368422
xiecheng1,xiecheng,0,38,4,4,20,1,0,0,0,1,.47368422
xiecheng1,xiecheng,1,52,5,12,20,1,0,1,.39999998,1,.47368422
xiecheng1,xiecheng,1,41,4,5,30,1,0,0,0,1,.47368422
xiecheng4,xiecheng,1,76,10,4,40,1,0,0,.60000002,1,.30000001
xiecheng4,xiecheng,0,62,5,5,50,0,0,0,0,1,.30000001
xiecheng4,xiecheng,1,57,10,8,30,1,0,1,.80000001,1,.30000001
xiecheng4,xiecheng,0,53,7,2,20,1,0,1,.60000002,1,.30000001
xiecheng4,xiecheng,0,63,7,20,20,1,0,1,.19999999,1,.30000001
xiecheng4,xiecheng,1,59,12,15,30,1,0,1,0,1,.30000001
xiecheng5,xiecheng,0,67,11,2,0,1,0,0,0,1,.5
xiecheng5,xiecheng,0,56,2,2.5,20,1,0,0,1,1,.5
xiecheng5,xiecheng,1,76,6,6,20,1,0,1,0,1,.5
xiecheng5,xiecheng,1,42,4,3.6,30,1,0,1,.39999998,1,.5
xiecheng5,xiecheng,0,41,5,5,40,1,0,0,1,1,.5
xiecheng5,xiecheng,0,43,4,5,30,1,0,1,.39999998,1,.5
xiecheng5,xiecheng,0,60,6,7,50,1,0,1,0,1,.5
xiecheng5,xiecheng,0,63,11,12,0,1,0,0,0,1,.5
xiecheng5,xiecheng,1,38,4,5,30,1,0,1,.39999998,1,.5
xiecheng8,xiecheng,1,38,4,15,30,1,1,0,0,1,.5
xiecheng8,xiecheng,1,66,3,1.2,50,1,1,0,0,1,.5
xiecheng8,xiecheng,1,56,4,5,50,1,1,0,0,1,.5
xiecheng8,xiecheng,1,56,7,4,30,1,1,1,0,1,.5
xiecheng8,xiecheng,1,45,2,2.2,15,1,1,0,0,1,.5
xiecheng8,xiecheng,1,47,4,6,30,1,1,0,1,1,.5
xiecheng8,xiecheng,0,70,6,14,0,1,1,1,0,1,.5
xiecheng8,xiecheng,0,57,5,6,30,1,1,1,0,1,.5
xiecheng8,xiecheng,0,50,9,3,20,1,1,1,0,1,.5
xiecheng8,xiecheng,0,58,2,10,60,1,1,0,0,1,.5
xiecheng8,xiecheng,1,59,7,12,30,1,1,0,0,1,.5
xiecheng8,xiecheng,0,36,7,20,50,1,1,1,0,1,.5
xihe2,xihe,1,43,5,62,20,1,1,1,.39999998,1,.5
xihe2,xihe,0,36,6,16,30,0,1,1,0,0,.5
xihe2,xihe,0,43,5,12.4,50,0,1,0,0,1,.5
xihe2,xihe,0,38,4,8,20,0,1,0,0,0,.5
xihe2,xihe,1,47,7,14,50,1,1,0,0,1,.5
xihe2,xihe,0,36,5,16,50,1,1,0,.19999999,1,.5
xihe2,xihe,1,76,6,8,40,1,1,1,0,0,.5
xihe2,xihe,0,46,4,40,20,1,1,1,.19999999,1,.5
xihe2,xihe,0,45,5,10,50,1,1,1,.39999998,1,.5
xihe2,xihe,1,64,6,20,20,1,1,0,.19999999,0,.5
xihe4,xihe,0,48,2,12,50,1,0,1,0,1,.2857143
xihe4,xihe,0,62,2,5,0,1,0,1,0,0,.2857143
xihe4,xihe,0,47,5,7,50,1,0,0,0,1,.2857143
xihe4,xihe,1,51,4,13.7,0,1,0,0,0,0,.2857143
xihe4,xihe,0,72,2,1,0,1,0,1,0,1,.2857143
xihe4,xihe,0,63,1,3.3,100,1,0,0,0,1,.2857143
xihe4,xihe,1,69,2,12,20,1,0,1,.80000001,1,.2857143
xihe4,xihe,0,63,5,3,0,1,0,1,0,0,.2857143
xihe4,xihe,0,58,6,10,100,1,0,0,0,0,.2857143
xihe4,xihe,1,53,4,17,100,0,0,0,0,1,.2857143
xihe4,xihe,1,43,6,10,10,1,0,0,.39999998,1,.2857143
xihe4,xihe,0,40,3,11,0,0,0,1,0,0,.2857143
xihe4,xihe,0,39,8,13,20,1,0,0,0,1,.2857143
xihe4,xihe,1,51,9,9,100,0,0,0,0,0,.2857143
xihe67,xihe,0,74,5,5,20,1,1,0,0,0,.16666667
xihe67,xihe,0,45,4,2,30,1,1,0,0,1,.16666667
xihe67,xihe,0,61,4,15,40,1,1,1,0,1,.16666667
xihe67,xihe,0,44,5,20,20,1,1,1,.19999999,1,.16666667
xihe67,xihe,1,53,7,60,20,1,1,1,.60000002,1,.16666667
xihe67,xihe,0,66,10,12,50,1,1,1,0,1,.16666667
xihe67,xihe,0,53,5,15,20,1,1,1,0,0,.16666667
xihe67,xihe,0,62,18,6,50,0,1,0,0,1,.16666667
xihe67,xihe,0,59,6,30,20,1,1,0,.80000001,1,.16666667
xihe67,xihe,0,41,5,9,40,1,1,0,0,1,.16666667
xihuxinze1,xihu,1,73,9,,50,1,1,1,0,0,.71428573
xihuxinze1,xihu,0,70,5,7,40,1,1,1,0,0,.71428573
xihuxinze1,xihu,1,36,6,14,50,1,1,1,0,1,.71428573
xihuxinze1,xihu,0,50,5,13,0,1,1,0,.39999998,1,.71428573
xihuxinze1,xihu,1,46,7,6,20,1,1,1,0,1,.71428573
xihuxinze1,xihu,1,43,4,8,50,1,1,1,0,1,.71428573
xihuxinze1,xihu,0,54,6,7,20,1,1,1,0,1,.71428573
xihuxinze2,xihu,1,42,5,12,20,1,1,0,0,1,.66666669
xihuxinze2,xihu,1,43,4,4.800000190734863,50,1,1,1,0,1,.66666669
xihuxinze2,xihu,1,43,6,14,30,1,1,1,.19999999,1,.66666669
xihuxinze2,xihu,0,43,2,10,30,1,1,0,0,1,.66666669
xihuxinze2,xihu,0,56,1,6,20,1,1,1,0,1,.66666669
xihuxinze2,xihu,0,66,6,9,30,1,1,1,0,1,.66666669
xihuxinze2,xihu,1,46,5,8,50,1,1,0,.39999998,1,.66666669
xihuxinze2,xihu,0,64,3,3,50,1,1,0,0,1,.66666669
xilian5,xilian,1,54,6,11,20,1,0,1,0,1,.33333334
xilian5,xilian,0,43,4,30,50,1,0,1,0,0,.33333334
xilian5,xilian,1,53,8,13,0,1,0,0,0,1,.33333334
xilian5,xilian,0,48,4,14,40,1,0,0,0,1,.33333334
xilian5,xilian,0,48,4,30,20,1,0,1,0,1,.33333334
xilian5,xilian,1,48,4,15,50,1,0,0,0,1,.33333334
xilian5,xilian,1,32,4,12,50,1,0,1,0,1,.33333334
xilian8,xilian,1,81,5,6,20,1,1,0,0,1,.13333334
xilian8,xilian,1,43,4,40,0,1,1,1,1,1,.13333334
xilian8,xilian,0,49,3,5,30,1,1,0,.39999998,1,.13333334
xilian8,xilian,1,35,4,18,40,1,1,0,.60000002,1,.13333334
xilian8,xilian,0,43,5,8,50,1,1,1,0,1,.13333334
xilian8,xilian,0,69,5,4,40,1,1,0,0,0,.13333334
xilian8,xilian,0,55,6,21,50,1,1,0,0,1,.13333334
xilian8,xilian,1,45,4,7,50,1,1,0,.39999998,1,.13333334
xilian8,xilian,0,67,2,5.4,40,1,1,1,.39999998,1,.13333334
xilian8,xilian,1,60,6,10,50,1,1,0,0,1,.13333334
xinguang12,xinguang,1,70,3,5,50,1,0,1,0,0,.38461539
xinguang12,xinguang,0,38,4,30,50,1,0,0,0,1,.38461539
xinguang12,xinguang,0,52,5,20,50,1,0,1,0,0,.38461539
xinguang12,xinguang,0,48,3,8.859999999999999,0,1,0,1,0,1,.38461539
xinguang12,xinguang,0,61,6,9,40,1,0,0,0,1,.38461539
xinguang12,xinguang,0,41,5,23,30,1,0,0,0,0,.38461539
xinguang13,xinguang,1,54,5,40,40,1,0,0,.19999999,1,0
xinguang13,xinguang,0,42,4,17,0,1,0,1,0,0,0
xinguang13,xinguang,0,79,1,1.41,50,1,0,0,0,0,0
xinguang13,xinguang,0,60,3,9,30,1,0,1,0,1,0
xinguang13,xinguang,0,47,4,6.35,0,1,0,1,0,1,0
xinguang22,xinguang,0,61,5,6.6,20,1,0,1,0,1,.875
xinguang22,xinguang,1,49,5,5.8,20,1,0,0,.60000002,1,.875
xinguang22,xinguang,1,50,4,9,50,1,0,1,0,1,.875
xinguang22,xinguang,1,59,3,15,30,1,0,0,0,1,.875
xinguang3,xinguang,1,35,5,6,30,1,1,1,0,0,.69230771
xinguang3,xinguang,0,77,2,1.8,50,1,1,0,0,1,.69230771
xinguang3,xinguang,1,48,4,18,20,1,1,1,.80000001,1,.69230771
xinguang3,xinguang,1,63,7,12,20,0,1,0,.80000001,0,.69230771
xinguang3,xinguang,0,42,4,4,20,1,1,1,0,1,.69230771
xinguang3,xinguang,1,48,4,23,0,1,1,0,1,1,.69230771
xinguang3,xinguang,0,40,4,9,30,1,1,0,0,1,.69230771
xinguang3,xinguang,1,47,5,19,30,1,1,1,0,1,.69230771
xinguang3,xinguang,0,58,4,21,30,1,1,1,0,1,.69230771
xinguang4,xinguang,1,70,6,6.7,50,1,0,0,0,1,.47368422
xinguang4,xinguang,0,63,5,5,20,1,0,1,.19999999,1,.47368422
xinguang4,xinguang,1,56,7,18,20,1,0,0,.19999999,1,.47368422
xinguang4,xinguang,0,56,4,26,50,1,0,0,0,0,.47368422
xinguang4,xinguang,1,40,3,10,0,1,0,1,.39999998,1,.47368422
xinguang4,xinguang,0,53,4,13.6,50,1,0,1,0,0,.47368422
xinguang4,xinguang,1,44,5,12,30,1,0,0,0,1,.47368422
xinguang4,xinguang,0,33,4,14,50,1,0,1,.80000001,1,.47368422
xinguang4,xinguang,1,63,2,9,30,1,0,1,0,1,.47368422
xinguang4,xinguang,1,47,4,6,20,1,0,1,0,1,.47368422
xinguang4,xinguang,0,45,4,14,0,1,0,0,.39999998,1,.47368422
xinguang4,xinguang,0,43,4,22,30,1,0,0,0,1,.47368422
xinguang4,xinguang,1,46,4,15,50,1,0,0,0,1,.47368422
xingzengxingzeng1,xingzeng,1,34,5,18,0,1,1,0,.39999998,1,.52631581
xingzengxingzeng1,xingzeng,0,54,5,18,50,1,1,0,0,1,.52631581
xingzengxingzeng1,xingzeng,1,74,6,5,50,1,1,1,0,1,.52631581
xingzengxingzeng1,xingzeng,0,45,4,50,50,1,1,1,0,1,.52631581
xingzengxingzeng1,xingzeng,1,45,4,5,50,1,1,0,0,1,.52631581
xingzengxingzeng1,xingzeng,1,40,4,14,0,1,1,0,0,1,.52631581
xingzengxingzeng1,xingzeng,0,48,3,12,50,1,1,0,0,1,.52631581
xingzengxingzeng1,xingzeng,1,65,6,40,20,1,1,1,0,0,.52631581
xingzengxingzeng1,xingzeng,1,63,6,20,10,1,1,1,1,1,.52631581
xingzengxingzeng1,xingzeng,1,54,,12,20,1,1,1,.80000001,1,.52631581
xingzengxingzeng1,xingzeng,1,54,6,10,50,0,1,0,0,0,.52631581
xingzengxingzeng1,xingzeng,0,58,3,20,50,1,1,1,.19999999,1,.52631581
xingzengxingzeng1,xingzeng,1,62,3,5,30,1,1,0,0,1,.52631581
xingzengxingzeng1,xingzeng,1,44,4,35,20,1,1,0,0,1,.52631581
xingzengxingzeng1,xingzeng,1,69,2,10,50,1,1,1,0,1,.52631581
xingzengxingzeng2,xingzeng,1,39,5,30,50,1,1,1,.60000002,1,.55555558
xingzengxingzeng2,xingzeng,1,45,6,20,60,1,1,0,0,1,.55555558
xingzengxingzeng2,xingzeng,1,,,,30,0,1,1,0,,.55555558
xingzengxingzeng2,xingzeng,0,44,5,15,20,1,1,1,0,0,.55555558
xingzengxingzeng2,xingzeng,0,42,2,7.5,30,1,1,0,0,0,.55555558
xingzengxingzeng2,xingzeng,0,60,5,12.5,30,1,1,1,0,1,.55555558
xingzengxingzeng2,xingzeng,0,48,9,23.70000076293945,50,1,1,0,0,1,.55555558
xingzengxingzeng2,xingzeng,1,33,4,,40,0,1,1,0,1,.55555558
xingzengxingzeng2,xingzeng,1,70,6,10,30,1,1,0,0,1,.55555558
xingzengxingzeng2,xingzeng,1,58,5,5.5,50,0,1,0,0,1,.55555558
xingzengxingzeng2,xingzeng,1,45,5,10,40,1,1,0,0,1,.55555558
xingzengxingzeng2,xingzeng,1,41,4,30,30,1,1,0,0,1,.55555558
xingzengxingzeng2,xingzeng,1,30,4,20,40,1,1,1,.60000002,1,.55555558
xingzengxingzeng2,xingzeng,0,54,5,10,30,1,1,1,0,1,.55555558
xinlian1112,xinlian,0,43,4,22.5,30,1,0,0,0,1,.25
xinlian1112,xinlian,0,47,5,14,50,1,0,0,0,1,.25
xinlian1112,xinlian,0,62,7,20,50,1,0,0,.19999999,1,.25
xinlian1112,xinlian,1,46,2,18,20,1,0,1,.80000001,0,.25
xinlian1112,xinlian,0,33,4,13,30,1,0,1,0,1,.25
xinlian1112,xinlian,0,46,6,15.4,20,1,0,1,0,1,.25
xinlian1112,xinlian,1,43,5,14,20,1,0,1,0,1,.25
xinlian1112,xinlian,0,56,3,10,20,1,0,1,0,0,.25
xinlian1112,xinlian,0,65,2,4.4,20,1,0,0,0,1,.25
xinlian1112,xinlian,0,33,4,12,40,1,0,0,1,1,.25
xinlian1112,xinlian,0,58,4,7,30,1,0,1,0,0,.25
xinlian1112,xinlian,1,52,4,10,0,1,0,1,0,1,.25
xinlian1112,xinlian,0,80,2,.4,0,1,0,0,0,1,.25
xinlian1314,xinlian,0,41,5,30,20,1,0,1,.19999999,,.375
xinlian1314,xinlian,0,45,5,18,50,1,0,1,0,1,.375
xinlian1314,xinlian,0,45,4,14,0,1,0,1,0,1,.375
xinlian1314,xinlian,0,46,5,17,30,1,0,0,.19999999,1,.375
xinlian1314,xinlian,1,68,3,7.7,50,1,0,1,.19999999,1,.375
xinlian1314,xinlian,0,78,2,3,50,1,0,0,0,1,.375
xinlian1314,xinlian,1,66,9,9.9,40,1,0,1,0,0,.375
xinlian1314,xinlian,0,46,4,15,80,1,0,0,.39999998,1,.375
xinlian1314,xinlian,1,53,4,12,50,1,0,0,0,1,.375
xinlian1314,xinlian,1,71,6,10,20,1,0,0,.60000002,0,.375
xinlian2,xinlian,0,55,5,15,50,1,1,0,.19999999,1,.21428572
xinlian2,xinlian,0,34,4,8.800000000000001,50,1,1,0,0,1,.21428572
xinlian2,xinlian,0,42,4,13.2,3,1,1,1,.80000001,1,.21428572
xinlian2,xinlian,0,52,7,7,50,1,1,1,0,0,.21428572
xinlian2,xinlian,0,45,4,7,20,1,1,1,0,1,.21428572
xinlian2,xinlian,0,36,5,15,0,1,1,0,.19999999,1,.21428572
xinlian2,xinlian,1,29,4,3,20,1,1,0,.80000001,1,.21428572
xinlian2,xinlian,0,45,5,3,20,1,1,1,0,1,.21428572
xinlian2,xinlian,0,55,5,10.2,50,1,1,1,.80000001,1,.21428572
xinlian2,xinlian,1,29,2,30,50,1,1,1,0,1,.21428572
xinlian56,xinlian,0,44,5,16,50,1,0,1,0,1,.2
xinlian56,xinlian,0,74,2,3,20,1,0,1,0,1,.2
xinlian56,xinlian,0,59,8,12,20,1,0,1,.39999998,1,.2
xinlian56,xinlian,0,58,4,10.2,50,1,0,1,.39999998,1,.2
xinlian56,xinlian,0,47,4,50,20,1,0,0,.19999999,1,.2
xinlian56,xinlian,0,43,4,11,40,1,0,0,0,1,.2
xinlian56,xinlian,0,47,2,17,30,1,0,1,0,1,.2
xinlian56,xinlian,0,62,5,15,50,1,0,0,1,1,.2
xinlian56,xinlian,0,58,3,11,50,1,0,0,0,1,.2
xinlian7,xinlian,0,37,4,30,50,0,1,0,0,1,.14285715
xinlian7,xinlian,0,42,5,19,20,1,1,1,0,1,.14285715
xinlian7,xinlian,0,41,6,20,20,0,1,0,.39999998,1,.14285715
xinlian7,xinlian,1,68,4,9.699999999999999,20,1,1,1,0,1,.14285715
xinlian7,xinlian,0,43,6,25,30,1,1,0,.60000002,1,.14285715
xinlian7,xinlian,1,59,3,13,40,1,1,0,0,1,.14285715
xinlian7,xinlian,1,40,4,26,20,1,1,1,0,1,.14285715
xinlian8,xinlian,0,43,1,35,30,1,0,1,0,1,.14285715
xinlian8,xinlian,0,53,4,11,20,1,0,1,.19999999,1,.14285715
xinlian8,xinlian,0,48,5,15,40,1,0,0,0,,.14285715
xinlian8,xinlian,0,42,4,21,30,1,0,0,1,1,.14285715
xinlian8,xinlian,0,64,7,11,50,1,0,1,.39999998,1,.14285715
xinlian8,xinlian,0,36,4,8.6,20,1,0,0,.39999998,1,.14285715
xinlian8,xinlian,0,37,3,8,30,1,0,1,0,,.14285715
xinlian8,xinlian,0,67,5,1,50,1,0,1,0,,.14285715
xinlian910,xinlian,0,64,4,23.8,50,1,1,0,0,1,.33333334
xinlian910,xinlian,0,47,4,19,50,1,1,1,.39999998,1,.33333334
xinlian910,xinlian,0,69,3,21,20,1,1,0,0,1,.33333334
xinlian910,xinlian,0,56,4,11.8,20,1,1,0,1,1,.33333334
xinlian910,xinlian,1,41,6,25,20,1,1,0,.60000002,1,.33333334
xinlian910,xinlian,0,52,7,18,30,1,1,1,0,1,.33333334
xinlian910,xinlian,1,37,4,80,50,0,1,1,.39999998,1,.33333334
xinlian910,xinlian,0,71,5,3,50,1,1,0,0,1,.33333334
xinlian910,xinlian,0,52,4,9,20,1,1,1,.39999998,1,.33333334
xinlian910,xinlian,1,74,6,11,40,1,1,0,0,0,.33333334
xinlian910,xinlian,0,47,5,38.4,30,1,1,0,.19999999,1,.33333334
xinlian910,xinlian,1,48,4,30,5,1,1,1,.39999998,1,.33333334
xinlian910,xinlian,0,41,4,13,40,1,1,1,0,1,.33333334
xinlian910,xinlian,0,68,7,3,50,1,1,1,.39999998,1,.33333334
yanjiangbeixin,yanjiang,0,67,8,4,40,1,1,1,0,1,1
yanjiangdonghezhong,yanjiang,1,54,3,55,50,1,0,0,.39999998,1,.42857143
yanjiangdonghezhong,yanjiang,0,53,6,2.5,30,0,0,0,0,0,.42857143
yanjiangdonghezhong,yanjiang,1,58,2,8,20,1,0,0,1,1,.42857143
yanjiangtangshang,yanjiang,1,48,5,3,20,1,0,1,0,1,.40000001
yanjiangtangshang,yanjiang,0,27,4,1,0,0,0,0,.39999998,1,.40000001
yanjiangtangshang,yanjiang,0,43,4,15,30,1,0,1,0,1,.40000001
yazhoushangbian1,yazhou,0,38,7,30,50,1,1,0,0,1,.05882353
yazhoushangbian1,yazhou,0,32,5,5,50,1,1,1,0,1,.05882353
yazhoushangbian1,yazhou,1,40,5,4.5,20,1,1,0,.80000001,1,.05882353
yazhoushangbian1,yazhou,1,50,5,6.800000190734863,40,1,1,0,0,1,.05882353
yazhoushangbian1,yazhou,0,48,4,2.700000047683716,40,1,1,1,1,1,.05882353
yazhoushangbian1,yazhou,0,40,4,14,50,1,1,1,0,1,.05882353
yazhoushangbian1,yazhou,0,40,3,10,50,1,1,0,0,1,.05882353
yazhoushangbian1,yazhou,0,20,5,13,1,1,1,1,.39999998,1,.05882353
yazhoushangbian2,yazhou,1,58,2,6,30,0,0,0,.39999998,1,.2
yazhoushangbian2,yazhou,0,36,4,7,20,1,0,0,0,1,.2
yazhoushangbian2,yazhou,0,70,2,2,50,1,0,0,0,0,.2
yazhoushangbian2,yazhou,0,46,7,16,50,0,0,0,0,1,.2
yazhoushangbian2,yazhou,0,59,10,25,40,1,0,1,0,0,.2
yazhoushangbian2,yazhou,1,40,4,7,100,1,0,1,.19999999,1,.2
yazhoushangbian2,yazhou,0,34,6,8,20,1,0,1,0,1,.2
yazhoushangbian2,yazhou,0,36,4,3,50,1,0,0,0,1,.2
yazhoushangbian2,yazhou,0,44,4,16,20,1,0,1,0,1,.2
yazhoushangbian2,yazhou,1,24,2,20,20,1,0,0,.80000001,1,.2
yazhouxiabian1,yazhou,1,67,2,1.299999952316284,50,1,0,1,0,0,.16666667
yazhouxiabian1,yazhou,0,63,2,2,30,1,0,1,0,1,.16666667
yazhouxiabian1,yazhou,0,40,4,7,20,1,0,0,.60000002,1,.16666667
yazhouxiabian1,yazhou,0,62,2,3,50,1,0,1,0,0,.16666667
yazhouxiabian1,yazhou,0,37,4,24,20,1,0,0,0,1,.16666667
yazhouxiabian1,yazhou,0,63,6,2,20,1,0,0,0,1,.16666667
yazhouxiabian1,yazhou,1,40,4,7.699999809265137,40,1,0,0,0,1,.16666667
yazhouxiabian1,yazhou,0,44,4,10,30,1,0,0,0,1,.16666667
yazhouxiabian1,yazhou,1,70,2,2.200000047683716,30,0,0,1,0,0,.16666667
yazhouxiabian1,yazhou,0,40,4,29,50,1,0,0,0,1,.16666667
yongfengcaomen1,yongfeng,0,45,4,.5,60,1,0,0,1,0,.54545456
yongfengcaomen1,yongfeng,0,67,4,2.599999904632568,40,0,0,0,0,0,.54545456
yongfengcaomen1,yongfeng,0,53,8,7,30,1,0,1,0,1,.54545456
yongfengcaomen1,yongfeng,0,76,6,8,40,1,0,1,0,0,.54545456
yongfengcaomen1,yongfeng,1,64,3,10,50,1,0,0,0,1,.54545456
yongfengcaomen1,yongfeng,1,41,4,4,20,1,0,0,0,1,.54545456
yongfengcaomen1,yongfeng,0,40,6,7,50,0,0,0,0,1,.54545456
yongfengcaomen1,yongfeng,0,56,5,6,40,1,0,1,0,1,.54545456
yongfengcaomen1,yongfeng,1,76,2,5,50,1,0,1,0,1,.54545456
yongfengcaomen1,yongfeng,0,37,4,8,40,1,0,0,0,1,.54545456
yongfengcaomen2,yongfeng,0,34,4,5,0,1,0,1,0,1,.55555558
yongfengcaomen2,yongfeng,0,39,4,8,40,1,0,1,0,1,.55555558
yongfengcaomen2,yongfeng,0,39,7,18,30,1,0,0,0,1,.55555558
yongfengcaomen2,yongfeng,0,33,5,10,50,0,0,1,0,0,.55555558
yongfengcaomen2,yongfeng,0,68,9,1.600000023841858,20,1,0,1,1,1,.55555558
yongfengcaomen2,yongfeng,0,38,4,3,30,0,0,1,0,0,.55555558
yongfengcaomen2,yongfeng,1,52,5,1.5,50,1,0,0,.60000002,0,.55555558
yongfengcaomen2,yongfeng,0,36,5,7,10,1,0,0,.60000002,1,.55555558
yongfengcaomen2,yongfeng,0,45,5,10,30,1,0,0,0,1,.55555558
yongfengcaomen2,yongfeng,1,55,5,3,20,1,0,1,0,1,.55555558
yongfengsanfang1,yongfeng,1,45,4,15,20,1,1,1,.19999999,1,.69230771
yongfengsanfang1,yongfeng,0,48,7,5.599999904632568,30,0,1,0,0,0,.69230771
yongfengsanfang1,yongfeng,1,57,5,6,50,1,1,1,0,0,.69230771
yongfengsanfang1,yongfeng,1,46,4,18,50,1,1,1,.19999999,1,.69230771
yongfengsanfang1,yongfeng,1,42,5,1,50,1,1,1,.39999998,1,.69230771
yongfengsanfang1,yongfeng,0,46,6,5.599999904632568,60,0,1,0,0,0,.69230771
yongfengsanfang1,yongfeng,0,52,8,.800000011920929,50,1,1,0,0,1,.69230771
yongfengsifang,yongfeng,0,35,6,5,50,1,1,0,0,1,.27272728
yongfengsifang,yongfeng,0,36,4,6,0,1,1,1,0,1,.27272728
yongfengsifang,yongfeng,0,43,5,1.5,50,1,1,1,.39999998,1,.27272728
yongfengsifang,yongfeng,1,42,4,3.700000047683716,50,1,1,1,1,1,.27272728
yongfengsifang,yongfeng,1,38,3,18,20,1,1,0,.80000001,1,.27272728
yongfengsifang,yongfeng,0,65,2,1,30,1,1,0,0,0,.27272728
yongfengsifang,yongfeng,0,39,4,20,50,1,1,1,.39999998,1,.27272728
yongfengsifang,yongfeng,1,58,3,12,20,1,1,0,.80000001,1,.27272728
yongfengyangzu,yongfeng,0,48,3,5,30,1,0,0,.19999999,1,1
yongfengyangzu,yongfeng,1,41,4,3,50,1,0,1,.39999998,1,1
yongfengyangzu,yongfeng,1,65,10,12,20,0,0,0,.80000001,0,1
yongfengyangzu,yongfeng,1,56,11,14,50,1,0,1,0,1,1
yongfengyangzu,yongfeng,1,75,19,5,30,1,0,0,0,0,1
yongfengyangzu,yongfeng,1,42,4,13,50,1,0,1,0,1,1
yongfengyangzu,yongfeng,1,52,4,4,40,1,0,0,0,0,1
zhangxi2,zhangxi,1,57,5,6.5,20,1,1,0,0,1,.17647059
zhangxi2,zhangxi,1,60,10,10,50,1,1,1,0,1,.17647059
zhangxi2,zhangxi,1,56,5,3.5,50,1,1,0,0,1,.17647059
zhangxi2,zhangxi,0,58,3,4.5,20,1,1,1,0,1,.17647059
zhangxi2,zhangxi,0,42,6,13,0,1,1,0,.19999999,1,.17647059
zhangxi2,zhangxi,1,63,9,12,40,1,1,1,.60000002,0,.17647059
zhangxi2,zhangxi,1,28,7,30,50,1,1,0,0,1,.17647059
zhangxi2,zhangxi,1,57,4,5,50,1,1,0,.80000001,1,.17647059
zhangxi3,zhangxi,1,44,4,100,10,1,1,0,0,1,.52631581
zhangxi3,zhangxi,0,64,7,8,50,1,1,0,0,1,.52631581
zhangxi3,zhangxi,1,66,6,4,10,1,1,1,0,1,.52631581
zhangxi3,zhangxi,1,41,4,18,20,1,1,1,.80000001,1,.52631581
zhangxi3,zhangxi,1,40,4,12,30,1,1,1,0,1,.52631581
zhangxi3,zhangxi,1,44,6,18,20,1,1,0,.80000001,1,.52631581
zhangxi3,zhangxi,0,54,5,23,40,1,1,0,0,1,.52631581
zhangxi3,zhangxi,1,21,3,20,20,1,1,1,.80000001,1,.52631581
zhangxi3,zhangxi,1,72,13,5.4,0,1,1,1,0,1,.52631581
zhangxi3,zhangxi,1,64,6,7,30,1,1,1,0,1,.52631581
zhangxi3,zhangxi,0,58,2,5.3,50,1,1,0,0,1,.52631581
zhangxi3,zhangxi,1,39,1,15,30,1,1,0,0,1,.52631581
zhangxi3,zhangxi,0,53,8,9,50,1,1,1,0,1,.52631581
zhangxi4,zhangxi,0,50,2,1,20,1,0,1,0,1,.12
zhangxi4,zhangxi,1,72,14,5,50,1,0,1,0,1,.12
zhangxi4,zhangxi,1,54,10,12,40,1,0,1,.60000002,1,.12
zhangxi4,zhangxi,1,64,12,12,20,1,0,0,.80000001,1,.12
zhangxi4,zhangxi,0,58,8,6,50,1,0,1,0,1,.12
zhangxi4,zhangxi,1,63,10,12,20,1,0,0,.80000001,0,.12
zhangxi4,zhangxi,1,60,7,12,20,1,0,0,.80000001,1,.12
zhangxi4,zhangxi,1,48,6,13,50,1,0,1,0,1,.12
zhangxi4,zhangxi,0,60,12,11,30,1,0,0,0,0,.12
zhangxi4,zhangxi,0,62,10,6,50,0,0,0,0,1,.12
zhangxi4,zhangxi,0,54,4,22,30,1,0,1,0,1,.12
zhangxi4,zhangxi,0,56,10,13,30,1,0,0,0,1,.12
zhangxi4,zhangxi,1,48,5,6,50,1,0,0,0,1,.12
zhangxi5,zhangxi,0,59,10,12,50,1,0,0,0,0,.4375
zhangxi5,zhangxi,0,59,10,10,0,1,0,1,0,1,.4375
zhangxi5,zhangxi,0,72,7,26,20,1,0,0,0,1,.4375
zhangxi5,zhangxi,0,54,7,10,40,1,0,0,0,1,.4375
zhangxi5,zhangxi,1,45,6,20,50,1,0,1,0,1,.4375
zhangxi5,zhangxi,0,48,6,8,50,1,0,0,0,1,.4375
zhangxi5,zhangxi,0,51,6,6.5,20,1,0,1,.19999999,1,.4375
zhangxi5,zhangxi,1,41,5,18,20,1,0,1,.80000001,1,.4375
zhangxi5,zhangxi,0,52,4,12,20,1,0,0,0,1,.4375
zhangxi5,zhangxi,1,33,5,5.5,33,0,0,1,0,1,.4375
zhangxi5,zhangxi,0,38,4,35,20,1,0,1,.60000002,1,.4375
zhangxi5,zhangxi,1,36,6,85,50,1,0,1,0,1,.4375
zhangxi6,zhangxi,1,60,2,18,100,1,1,0,0,0,.4375
zhangxi6,zhangxi,1,61,4,7,50,1,1,0,.19999999,1,.4375
zhangxi6,zhangxi,0,43,4,20,40,1,1,1,0,1,.4375
zhangxi6,zhangxi,0,56,6,6,50,1,1,1,0,1,.4375
zhangxi6,zhangxi,0,52,4,11,40,1,1,0,0,1,.4375
zhangxi6,zhangxi,0,58,6,10,30,1,1,1,0,0,.4375
zhangxi6,zhangxi,0,68,3,6,20,1,1,0,0,0,.4375
zhangxi6,zhangxi,1,58,3,12,20,1,1,1,0,1,.4375
zhangxi6,zhangxi,1,56,6,21,20,1,1,0,.39999998,1,.4375
zhangxi6,zhangxi,0,63,6,9,50,1,1,1,0,1,.4375
zhangxi6,zhangxi,0,59,3,21,30,1,1,1,.39999998,1,.4375
zhangxi81,zhangxi,0,54,7,7,5,1,0,1,0,0,.25
zhangxi81,zhangxi,0,35,6,8,30,1,0,0,0,0,.25
zhangxi81,zhangxi,0,53,4,13,0,1,0,0,0,1,.25
zhangxi81,zhangxi,0,63,7,16,20,1,0,1,0,0,.25
zhangxi81,zhangxi,1,64,6,12,30,1,0,0,.39999998,1,.25
zhangxi81,zhangxi,0,73,7,5,20,1,0,1,0,0,.25
zhangxi81,zhangxi,1,54,7,8,20,1,0,1,0,1,.25
zhangxi81,zhangxi,1,66,8,10,50,1,0,0,0,1,.25
zhangxi81,zhangxi,0,38,4,3.6,50,1,0,1,0,0,.25
zhangxi81,zhangxi,0,55,2,4,30,1,0,1,0,1,.25
zhangxi81,zhangxi,0,60,12,5,20,1,0,1,1,0,.25
zhangxi81,zhangxi,0,58,6,10,30,1,0,1,0,0,.25
zhangxi82,zhangxi,0,51,6,18,20,1,1,0,0,1,.55555558
zhangxi82,zhangxi,1,63,14,10,30,1,1,1,0,1,.55555558
zhangxi82,zhangxi,0,48,4,50,30,1,1,0,0,1,.55555558
zhangxi82,zhangxi,1,53,6,9,20,1,1,1,0,1,.55555558
zhangxi82,zhangxi,1,58,3,10,30,1,1,0,.39999998,1,.55555558
zhangxi82,zhangxi,0,61,5,9,40,1,1,1,.39999998,0,.55555558
zixi1,zixi,1,62,10,6,10,1,0,0,0,1,.26666668
zixi1,zixi,0,69,9,11,20,1,0,0,0,0,.26666668
zixi1,zixi,1,70,7,4.1,20,1,0,0,0,1,.26666668
zixi1,zixi,0,76,9,5.6,10,1,0,0,0,0,.26666668
zixi1,zixi,0,66,2,3,50,1,0,1,0,0,.26666668
zixi1,zixi,0,48,8,10,50,1,0,1,1,1,.26666668
zixi1,zixi,1,73,10,8,20,1,0,0,0,0,.26666668
zixi1,zixi,0,48,5,3,20,1,0,1,.19999999,1,.26666668
zixi1,zixi,0,41,4,3,0,1,0,1,.19999999,1,.26666668
zixi1,zixi,0,42,4,6,30,1,0,0,0,1,.26666668
zixi1,zixi,0,47,7,2,50,1,0,1,1,1,.26666668
zixi1,zixi,0,35,5,16,40,1,0,1,1,1,.26666668
zixi1,zixi,0,39,4,13,20,1,0,1,0,1,.26666668
zixi4,zixi,1,69,2,6,20,1,0,0,0,0,.61538464
zixi4,zixi,1,38,4,15,30,1,0,0,0,1,.61538464
zixi4,zixi,0,59,10,3,40,1,0,1,0,0,.61538464
zixi4,zixi,0,45,4,22,20,1,0,1,0,1,.61538464
zixi4,zixi,1,40,4,15,50,1,0,1,0,1,.61538464
zixi4,zixi,1,63,8,16,20,1,0,0,0,0,.61538464
zixi5,zixi,1,50,4,15,50,1,0,0,0,1,.22222222
zixi5,zixi,0,44,5,8.800000000000001,40,1,0,0,0,1,.22222222
zixi5,zixi,1,54,3,13.6,0,1,0,0,1,1,.22222222
zixi5,zixi,1,68,3,10,50,1,0,1,0,1,.22222222
zixi5,zixi,0,54,7,10,50,1,0,1,0,1,.22222222
zixi5,zixi,0,49,5,15,40,1,0,1,0,1,.22222222
zixi5,zixi,1,41,4,8.4,50,1,0,0,0,1,.22222222
zixi5,zixi,0,60,3,20,50,1,0,1,0,1,.22222222
zixi9,zixi,1,73,2,4,30,1,1,1,0,1,.125
zixi9,zixi,0,66,6,10,50,1,1,0,.80000001,0,.125
zixi9,zixi,0,72,2,8,20,1,1,0,0,1,.125
